venous.nii_log-sigma-1-0-mm-3D_firstorder_10Percentile,-11.19899616241455
venous.nii_log-sigma-1-0-mm-3D_firstorder_90Percentile,9.02908115386963
venous.nii_log-sigma-1-0-mm-3D_firstorder_Energy,140274486071.37274
venous.nii_log-sigma-1-0-mm-3D_firstorder_Entropy,1.0986437623128054
venous.nii_log-sigma-1-0-mm-3D_firstorder_InterquartileRange,9.91891884803772
venous.nii_log-sigma-1-0-mm-3D_firstorder_Kurtosis,4.748659126329368
venous.nii_log-sigma-1-0-mm-3D_firstorder_Maximum,41.10000228881836
venous.nii_log-sigma-1-0-mm-3D_firstorder_Mean,-0.6970531472001502
venous.nii_log-sigma-1-0-mm-3D_firstorder_MeanAbsoluteDeviation,6.416298848969758
venous.nii_log-sigma-1-0-mm-3D_firstorder_Median,-0.09369492530822754
venous.nii_log-sigma-1-0-mm-3D_firstorder_Minimum,-50.39075469970703
venous.nii_log-sigma-1-0-mm-3D_firstorder_Range,91.49075698852539
venous.nii_log-sigma-1-0-mm-3D_firstorder_RobustMeanAbsoluteDeviation,4.166943317726219
venous.nii_log-sigma-1-0-mm-3D_firstorder_RootMeanSquared,999.3394018797192
venous.nii_log-sigma-1-0-mm-3D_firstorder_Skewness,-0.5728167754856414
venous.nii_log-sigma-1-0-mm-3D_firstorder_TotalEnergy,140274486071.37274
venous.nii_log-sigma-1-0-mm-3D_firstorder_Uniformity,0.4865465717502036
venous.nii_log-sigma-1-0-mm-3D_firstorder_Variance,72.86056062503371
venous.nii_log-sigma-1-0-mm-3D_glcm_Autocorrelation,12.321280116491568
venous.nii_log-sigma-1-0-mm-3D_glcm_ClusterProminence,1.2272890774426841
venous.nii_log-sigma-1-0-mm-3D_glcm_ClusterShade,-0.11344082712405872
venous.nii_log-sigma-1-0-mm-3D_glcm_ClusterTendency,0.7741942627081986
venous.nii_log-sigma-1-0-mm-3D_glcm_Contrast,0.31601727630761367
venous.nii_log-sigma-1-0-mm-3D_glcm_Correlation,0.41962926932376204
venous.nii_log-sigma-1-0-mm-3D_glcm_DifferenceAverage,0.3139668997538105
venous.nii_log-sigma-1-0-mm-3D_glcm_DifferenceEntropy,0.8845685383934184
venous.nii_log-sigma-1-0-mm-3D_glcm_DifferenceVariance,0.21159553124638955
venous.nii_log-sigma-1-0-mm-3D_glcm_Id,0.8433582795487286
venous.nii_log-sigma-1-0-mm-3D_glcm_Idm,0.8432215877784751
venous.nii_log-sigma-1-0-mm-3D_glcm_Idmn,0.987861805366581
venous.nii_log-sigma-1-0-mm-3D_glcm_Idn,0.947721001863741
venous.nii_log-sigma-1-0-mm-3D_glcm_Imc1,-0.14935779872490035
venous.nii_log-sigma-1-0-mm-3D_glcm_Imc2,0.4850014429240598
venous.nii_log-sigma-1-0-mm-3D_glcm_InverseVariance,0.31217282026923276
venous.nii_log-sigma-1-0-mm-3D_glcm_JointAverage,3.4938131509155985
venous.nii_log-sigma-1-0-mm-3D_glcm_JointEnergy,0.2833932596134334
venous.nii_log-sigma-1-0-mm-3D_glcm_JointEntropy,2.007244616538971
venous.nii_log-sigma-1-0-mm-3D_glcm_MaximumProbability,0.3488476552960456
venous.nii_log-sigma-1-0-mm-3D_glcm_SumEntropy,1.6841934486943708
venous.nii_log-sigma-1-0-mm-3D_glcm_SumSquares,0.2725528847539531
venous.nii_log-sigma-1-0-mm-3D_gldm_DependenceEntropy,5.38675290473289
venous.nii_log-sigma-1-0-mm-3D_gldm_DependenceNonUniformity,7724.732251174712
venous.nii_log-sigma-1-0-mm-3D_gldm_DependenceNonUniformityNormalized,0.054995957932327436
venous.nii_log-sigma-1-0-mm-3D_gldm_DependenceVariance,26.703348901878087
venous.nii_log-sigma-1-0-mm-3D_gldm_GrayLevelNonUniformity,68340.3314680336
venous.nii_log-sigma-1-0-mm-3D_gldm_GrayLevelVariance,0.2772038990032324
venous.nii_log-sigma-1-0-mm-3D_gldm_HighGrayLevelEmphasis,12.42024063790403
venous.nii_log-sigma-1-0-mm-3D_gldm_LargeDependenceEmphasis,352.01334187669084
venous.nii_log-sigma-1-0-mm-3D_gldm_LargeDependenceHighGrayLevelEmphasis,4438.970504058095
venous.nii_log-sigma-1-0-mm-3D_gldm_LargeDependenceLowGrayLevelEmphasis,30.408973632271746
venous.nii_log-sigma-1-0-mm-3D_gldm_LowGrayLevelEmphasis,0.08867762075403042
venous.nii_log-sigma-1-0-mm-3D_gldm_SmallDependenceEmphasis,0.005298098537114149
venous.nii_log-sigma-1-0-mm-3D_gldm_SmallDependenceHighGrayLevelEmphasis,0.06440376739357231
venous.nii_log-sigma-1-0-mm-3D_gldm_SmallDependenceLowGrayLevelEmphasis,0.0005298120381907035
venous.nii_log-sigma-1-0-mm-3D_glrlm_GrayLevelNonUniformity,22938.764787113407
venous.nii_log-sigma-1-0-mm-3D_glrlm_GrayLevelNonUniformityNormalized,0.47343649835422974
venous.nii_log-sigma-1-0-mm-3D_glrlm_GrayLevelVariance,0.30456891316539625
venous.nii_log-sigma-1-0-mm-3D_glrlm_HighGrayLevelRunEmphasis,12.197317879969829
venous.nii_log-sigma-1-0-mm-3D_glrlm_LongRunEmphasis,19.226044005638908
venous.nii_log-sigma-1-0-mm-3D_glrlm_LongRunHighGrayLevelEmphasis,243.72782700188588
venous.nii_log-sigma-1-0-mm-3D_glrlm_LongRunLowGrayLevelEmphasis,1.655014502466866
venous.nii_log-sigma-1-0-mm-3D_glrlm_LowGrayLevelRunEmphasis,0.09162981909590383
venous.nii_log-sigma-1-0-mm-3D_glrlm_RunEntropy,3.8782001348042914
venous.nii_log-sigma-1-0-mm-3D_glrlm_RunLengthNonUniformity,10565.782929943507
venous.nii_log-sigma-1-0-mm-3D_glrlm_RunLengthNonUniformityNormalized,0.20608312614033183
venous.nii_log-sigma-1-0-mm-3D_glrlm_RunPercentage,0.3447556928334374
venous.nii_log-sigma-1-0-mm-3D_glrlm_RunVariance,7.178605704278021
venous.nii_log-sigma-1-0-mm-3D_glrlm_ShortRunEmphasis,0.38909143317333883
venous.nii_log-sigma-1-0-mm-3D_glrlm_ShortRunHighGrayLevelEmphasis,4.650430372630429
venous.nii_log-sigma-1-0-mm-3D_glrlm_ShortRunLowGrayLevelEmphasis,0.03726871495381257
venous.nii_log-sigma-1-0-mm-3D_glszm_GrayLevelNonUniformity,63.583333333333336
venous.nii_log-sigma-1-0-mm-3D_glszm_GrayLevelNonUniformityNormalized,0.3311631944444444
venous.nii_log-sigma-1-0-mm-3D_glszm_GrayLevelVariance,1.5667317708333333
venous.nii_log-sigma-1-0-mm-3D_glszm_HighGrayLevelZoneEmphasis,11.927083333333334
venous.nii_log-sigma-1-0-mm-3D_glszm_LargeAreaEmphasis,49752644.760416664
venous.nii_log-sigma-1-0-mm-3D_glszm_LargeAreaHighGrayLevelEmphasis,621055637.953125
venous.nii_log-sigma-1-0-mm-3D_glszm_LargeAreaLowGrayLevelEmphasis,4324832.8379239
venous.nii_log-sigma-1-0-mm-3D_glszm_LowGrayLevelZoneEmphasis,0.15216001157407408
venous.nii_log-sigma-1-0-mm-3D_glszm_SizeZoneNonUniformity,20.083333333333332
venous.nii_log-sigma-1-0-mm-3D_glszm_SizeZoneNonUniformityNormalized,0.10460069444444445
venous.nii_log-sigma-1-0-mm-3D_glszm_SmallAreaEmphasis,0.27199145209586195
venous.nii_log-sigma-1-0-mm-3D_glszm_SmallAreaHighGrayLevelEmphasis,3.5365105451062964
venous.nii_log-sigma-1-0-mm-3D_glszm_SmallAreaLowGrayLevelEmphasis,0.03565461298681839
venous.nii_log-sigma-1-0-mm-3D_glszm_ZoneEntropy,5.3802010826590845
venous.nii_log-sigma-1-0-mm-3D_glszm_ZonePercentage,0.0013669372063220846
venous.nii_log-sigma-1-0-mm-3D_glszm_ZoneVariance,49217461.069010414
venous.nii_log-sigma-2-0-mm-3D_firstorder_10Percentile,-19.320179557800294
venous.nii_log-sigma-2-0-mm-3D_firstorder_90Percentile,11.943176841735841
venous.nii_log-sigma-2-0-mm-3D_firstorder_Energy,139853169860.40213
venous.nii_log-sigma-2-0-mm-3D_firstorder_Entropy,1.34005958110331
venous.nii_log-sigma-2-0-mm-3D_firstorder_InterquartileRange,15.134053945541382
venous.nii_log-sigma-2-0-mm-3D_firstorder_Kurtosis,4.777332761643798
venous.nii_log-sigma-2-0-mm-3D_firstorder_Maximum,50.52719497680664
venous.nii_log-sigma-2-0-mm-3D_firstorder_Mean,-2.2491249827606805
venous.nii_log-sigma-2-0-mm-3D_firstorder_MeanAbsoluteDeviation,9.935626207190616
venous.nii_log-sigma-2-0-mm-3D_firstorder_Median,-0.12487363815307617
venous.nii_log-sigma-2-0-mm-3D_firstorder_Minimum,-71.89149475097656
venous.nii_log-sigma-2-0-mm-3D_firstorder_Range,122.4186897277832
venous.nii_log-sigma-2-0-mm-3D_firstorder_RobustMeanAbsoluteDeviation,6.420910624520908
venous.nii_log-sigma-2-0-mm-3D_firstorder_RootMeanSquared,997.8375089627831
venous.nii_log-sigma-2-0-mm-3D_firstorder_Skewness,-0.9368719300428978
venous.nii_log-sigma-2-0-mm-3D_firstorder_TotalEnergy,139853169860.40213
venous.nii_log-sigma-2-0-mm-3D_firstorder_Uniformity,0.4397722871225845
venous.nii_log-sigma-2-0-mm-3D_firstorder_Variance,172.88569538555006
venous.nii_log-sigma-2-0-mm-3D_glcm_Autocorrelation,12.227098955703793
venous.nii_log-sigma-2-0-mm-3D_glcm_ClusterProminence,5.857590489435781
venous.nii_log-sigma-2-0-mm-3D_glcm_ClusterShade,-0.994136174975169
venous.nii_log-sigma-2-0-mm-3D_glcm_ClusterTendency,1.3393342181336612
venous.nii_log-sigma-2-0-mm-3D_glcm_Contrast,0.18423873847908998
venous.nii_log-sigma-2-0-mm-3D_glcm_Correlation,0.7575816476831216
venous.nii_log-sigma-2-0-mm-3D_glcm_DifferenceAverage,0.18264479264441752
venous.nii_log-sigma-2-0-mm-3D_glcm_DifferenceEntropy,0.6847826625686803
venous.nii_log-sigma-2-0-mm-3D_glcm_DifferenceVariance,0.14960397850976725
venous.nii_log-sigma-2-0-mm-3D_glcm_Id,0.908943115345055
venous.nii_log-sigma-2-0-mm-3D_glcm_Idm,0.9088369982612586
venous.nii_log-sigma-2-0-mm-3D_glcm_Idmn,0.9950270476247917
venous.nii_log-sigma-2-0-mm-3D_glcm_Idn,0.9739363431325192
venous.nii_log-sigma-2-0-mm-3D_glcm_Imc1,-0.42239980912998093
venous.nii_log-sigma-2-0-mm-3D_glcm_Imc2,0.813279589140094
venous.nii_log-sigma-2-0-mm-3D_glcm_InverseVariance,0.18125146866209232
venous.nii_log-sigma-2-0-mm-3D_glcm_JointAverage,3.455184744113074
venous.nii_log-sigma-2-0-mm-3D_glcm_JointEnergy,0.3201572571865436
venous.nii_log-sigma-2-0-mm-3D_glcm_JointEntropy,2.067127476556686
venous.nii_log-sigma-2-0-mm-3D_glcm_MaximumProbability,0.4252682883391701
venous.nii_log-sigma-2-0-mm-3D_glcm_SumEntropy,1.877381594241061
venous.nii_log-sigma-2-0-mm-3D_glcm_SumSquares,0.3808932391531879
venous.nii_log-sigma-2-0-mm-3D_gldm_DependenceEntropy,5.070591290504044
venous.nii_log-sigma-2-0-mm-3D_gldm_DependenceNonUniformity,16290.571493663676
venous.nii_log-sigma-2-0-mm-3D_gldm_DependenceNonUniformityNormalized,0.11598014732780633
venous.nii_log-sigma-2-0-mm-3D_gldm_DependenceVariance,31.181896705053383
venous.nii_log-sigma-2-0-mm-3D_gldm_GrayLevelNonUniformity,61770.415449238215
venous.nii_log-sigma-2-0-mm-3D_gldm_GrayLevelVariance,0.3984240720908695
venous.nii_log-sigma-2-0-mm-3D_gldm_HighGrayLevelEmphasis,12.211832550192225
venous.nii_log-sigma-2-0-mm-3D_gldm_LargeDependenceEmphasis,483.958849494518
venous.nii_log-sigma-2-0-mm-3D_gldm_LargeDependenceHighGrayLevelEmphasis,6130.267179268119
venous.nii_log-sigma-2-0-mm-3D_gldm_LargeDependenceLowGrayLevelEmphasis,43.583587189709995
venous.nii_log-sigma-2-0-mm-3D_gldm_LowGrayLevelEmphasis,0.0988413189994779
venous.nii_log-sigma-2-0-mm-3D_gldm_SmallDependenceEmphasis,0.003740866787579801
venous.nii_log-sigma-2-0-mm-3D_gldm_SmallDependenceHighGrayLevelEmphasis,0.043588913442396064
venous.nii_log-sigma-2-0-mm-3D_gldm_SmallDependenceLowGrayLevelEmphasis,0.0004979354317955532
venous.nii_log-sigma-2-0-mm-3D_glrlm_GrayLevelNonUniformity,11877.634469549062
venous.nii_log-sigma-2-0-mm-3D_glrlm_GrayLevelNonUniformityNormalized,0.3840276174418044
venous.nii_log-sigma-2-0-mm-3D_glrlm_GrayLevelVariance,0.5401145145439461
venous.nii_log-sigma-2-0-mm-3D_glrlm_HighGrayLevelRunEmphasis,11.23728248006669
venous.nii_log-sigma-2-0-mm-3D_glrlm_LongRunEmphasis,44.37666247621118
venous.nii_log-sigma-2-0-mm-3D_glrlm_LongRunHighGrayLevelEmphasis,578.2688880791818
venous.nii_log-sigma-2-0-mm-3D_glrlm_LongRunLowGrayLevelEmphasis,3.8380267801305346
venous.nii_log-sigma-2-0-mm-3D_glrlm_LowGrayLevelRunEmphasis,0.11918092729932955
venous.nii_log-sigma-2-0-mm-3D_glrlm_RunEntropy,4.943584956245837
venous.nii_log-sigma-2-0-mm-3D_glrlm_RunLengthNonUniformity,4158.795805664584
venous.nii_log-sigma-2-0-mm-3D_glrlm_RunLengthNonUniformityNormalized,0.12909532151254483
venous.nii_log-sigma-2-0-mm-3D_glrlm_RunPercentage,0.2200555318240068
venous.nii_log-sigma-2-0-mm-3D_glrlm_RunVariance,20.41939075560445
venous.nii_log-sigma-2-0-mm-3D_glrlm_ShortRunEmphasis,0.29085726156014524
venous.nii_log-sigma-2-0-mm-3D_glrlm_ShortRunHighGrayLevelEmphasis,2.97800826631028
venous.nii_log-sigma-2-0-mm-3D_glrlm_ShortRunLowGrayLevelEmphasis,0.043201224758250056
venous.nii_log-sigma-2-0-mm-3D_glszm_GrayLevelNonUniformity,40.55428571428571
venous.nii_log-sigma-2-0-mm-3D_glszm_GrayLevelNonUniformityNormalized,0.23173877551020408
venous.nii_log-sigma-2-0-mm-3D_glszm_GrayLevelVariance,2.040620408163265
venous.nii_log-sigma-2-0-mm-3D_glszm_HighGrayLevelZoneEmphasis,13.177142857142858
venous.nii_log-sigma-2-0-mm-3D_glszm_LargeAreaEmphasis,48398016.64
venous.nii_log-sigma-2-0-mm-3D_glszm_LargeAreaHighGrayLevelEmphasis,619081443.7485714
venous.nii_log-sigma-2-0-mm-3D_glszm_LargeAreaLowGrayLevelEmphasis,4120021.70736508
venous.nii_log-sigma-2-0-mm-3D_glszm_LowGrayLevelZoneEmphasis,0.22714126984126987
venous.nii_log-sigma-2-0-mm-3D_glszm_SizeZoneNonUniformity,12.405714285714286
venous.nii_log-sigma-2-0-mm-3D_glszm_SizeZoneNonUniformityNormalized,0.07088979591836735
venous.nii_log-sigma-2-0-mm-3D_glszm_SmallAreaEmphasis,0.22333267325159575
venous.nii_log-sigma-2-0-mm-3D_glszm_SmallAreaHighGrayLevelEmphasis,3.037531421746526
venous.nii_log-sigma-2-0-mm-3D_glszm_SmallAreaLowGrayLevelEmphasis,0.04855887841383476
venous.nii_log-sigma-2-0-mm-3D_glszm_ZoneEntropy,6.081977447289501
venous.nii_log-sigma-2-0-mm-3D_glszm_ZonePercentage,0.00124590630784565
venous.nii_log-sigma-2-0-mm-3D_glszm_ZoneVariance,47753804.01632653
venous.nii_log-sigma-3-0-mm-3D_firstorder_10Percentile,-24.796619796752925
venous.nii_log-sigma-3-0-mm-3D_firstorder_90Percentile,14.211766529083256
venous.nii_log-sigma-3-0-mm-3D_firstorder_Energy,139496367089.84442
venous.nii_log-sigma-3-0-mm-3D_firstorder_Entropy,1.474866050601861
venous.nii_log-sigma-3-0-mm-3D_firstorder_InterquartileRange,19.74735927581787
venous.nii_log-sigma-3-0-mm-3D_firstorder_Kurtosis,3.944774122490505
venous.nii_log-sigma-3-0-mm-3D_firstorder_Maximum,66.062255859375
venous.nii_log-sigma-3-0-mm-3D_firstorder_Mean,-3.5617802048108387
venous.nii_log-sigma-3-0-mm-3D_firstorder_MeanAbsoluteDeviation,12.334178100387561
venous.nii_log-sigma-3-0-mm-3D_firstorder_Median,-1.2072082161903381
venous.nii_log-sigma-3-0-mm-3D_firstorder_Minimum,-82.65946960449219
venous.nii_log-sigma-3-0-mm-3D_firstorder_Range,148.7217254638672
venous.nii_log-sigma-3-0-mm-3D_firstorder_RobustMeanAbsoluteDeviation,8.345238133463805
venous.nii_log-sigma-3-0-mm-3D_firstorder_RootMeanSquared,996.5638211339417
venous.nii_log-sigma-3-0-mm-3D_firstorder_Skewness,-0.8491954838206422
venous.nii_log-sigma-3-0-mm-3D_firstorder_TotalEnergy,139496367089.84442
venous.nii_log-sigma-3-0-mm-3D_firstorder_Uniformity,0.4075988933981873
venous.nii_log-sigma-3-0-mm-3D_firstorder_Variance,250.32372447719794
venous.nii_log-sigma-3-0-mm-3D_glcm_Autocorrelation,19.62151833590456
venous.nii_log-sigma-3-0-mm-3D_glcm_ClusterProminence,10.421630621631563
venous.nii_log-sigma-3-0-mm-3D_glcm_ClusterShade,-1.7478798132138365
venous.nii_log-sigma-3-0-mm-3D_glcm_ClusterTendency,1.7486731303019651
venous.nii_log-sigma-3-0-mm-3D_glcm_Contrast,0.14859407190262497
venous.nii_log-sigma-3-0-mm-3D_glcm_Correlation,0.8430772890660698
venous.nii_log-sigma-3-0-mm-3D_glcm_DifferenceAverage,0.1480809190285188
venous.nii_log-sigma-3-0-mm-3D_glcm_DifferenceEntropy,0.6023744435356508
venous.nii_log-sigma-3-0-mm-3D_glcm_DifferenceVariance,0.12588429905429468
venous.nii_log-sigma-3-0-mm-3D_glcm_Id,0.9260450659647584
venous.nii_log-sigma-3-0-mm-3D_glcm_Idm,0.9260108557731511
venous.nii_log-sigma-3-0-mm-3D_glcm_Idmn,0.9970292804175116
venous.nii_log-sigma-3-0-mm-3D_glcm_Idn,0.9814970122446867
venous.nii_log-sigma-3-0-mm-3D_glcm_Imc1,-0.5332492802613144
venous.nii_log-sigma-3-0-mm-3D_glcm_Imc2,0.88443682022679
venous.nii_log-sigma-3-0-mm-3D_glcm_InverseVariance,0.14763191026367586
venous.nii_log-sigma-3-0-mm-3D_glcm_JointAverage,4.384230341582159
venous.nii_log-sigma-3-0-mm-3D_glcm_JointEnergy,0.31810828399632296
venous.nii_log-sigma-3-0-mm-3D_glcm_JointEntropy,2.120838194309198
venous.nii_log-sigma-3-0-mm-3D_glcm_MaximumProbability,0.4207769111544636
venous.nii_log-sigma-3-0-mm-3D_glcm_SumEntropy,1.9700253829978238
venous.nii_log-sigma-3-0-mm-3D_glcm_SumSquares,0.4743168005511475
venous.nii_log-sigma-3-0-mm-3D_gldm_DependenceEntropy,4.838231320057188
venous.nii_log-sigma-3-0-mm-3D_gldm_DependenceNonUniformity,24960.9129574256
venous.nii_log-sigma-3-0-mm-3D_gldm_DependenceNonUniformityNormalized,0.17770833658995872
venous.nii_log-sigma-3-0-mm-3D_gldm_DependenceVariance,29.89304329690799
venous.nii_log-sigma-3-0-mm-3D_gldm_GrayLevelNonUniformity,57251.34056670938
venous.nii_log-sigma-3-0-mm-3D_gldm_GrayLevelVariance,0.4932139454467146
venous.nii_log-sigma-3-0-mm-3D_gldm_HighGrayLevelEmphasis,19.565406521429587
venous.nii_log-sigma-3-0-mm-3D_gldm_LargeDependenceEmphasis,519.1933646589777
venous.nii_log-sigma-3-0-mm-3D_gldm_LargeDependenceHighGrayLevelEmphasis,10505.450754663249
venous.nii_log-sigma-3-0-mm-3D_gldm_LargeDependenceLowGrayLevelEmphasis,28.347772917290225
venous.nii_log-sigma-3-0-mm-3D_gldm_LowGrayLevelEmphasis,0.05834166960485842
venous.nii_log-sigma-3-0-mm-3D_gldm_SmallDependenceEmphasis,0.003302915087445759
venous.nii_log-sigma-3-0-mm-3D_gldm_SmallDependenceHighGrayLevelEmphasis,0.0636225789716171
venous.nii_log-sigma-3-0-mm-3D_gldm_SmallDependenceLowGrayLevelEmphasis,0.00021681963535477106
venous.nii_log-sigma-3-0-mm-3D_glrlm_GrayLevelNonUniformity,9039.019988937154
venous.nii_log-sigma-3-0-mm-3D_glrlm_GrayLevelNonUniformityNormalized,0.3424910394631535
venous.nii_log-sigma-3-0-mm-3D_glrlm_GrayLevelVariance,0.6866273069906411
venous.nii_log-sigma-3-0-mm-3D_glrlm_HighGrayLevelRunEmphasis,17.875454235925396
venous.nii_log-sigma-3-0-mm-3D_glrlm_LongRunEmphasis,65.31989370594694
venous.nii_log-sigma-3-0-mm-3D_glrlm_LongRunHighGrayLevelEmphasis,1373.6563854470999
venous.nii_log-sigma-3-0-mm-3D_glrlm_LongRunLowGrayLevelEmphasis,3.367654778291571
venous.nii_log-sigma-3-0-mm-3D_glrlm_LowGrayLevelRunEmphasis,0.06838464862168843
venous.nii_log-sigma-3-0-mm-3D_glrlm_RunEntropy,5.320995533678987
venous.nii_log-sigma-3-0-mm-3D_glrlm_RunLengthNonUniformity,3181.70062907928
venous.nii_log-sigma-3-0-mm-3D_glrlm_RunLengthNonUniformityNormalized,0.11572285731751365
venous.nii_log-sigma-3-0-mm-3D_glrlm_RunPercentage,0.18768715977173905
venous.nii_log-sigma-3-0-mm-3D_glrlm_RunVariance,32.721562307823895
venous.nii_log-sigma-3-0-mm-3D_glrlm_ShortRunEmphasis,0.268435648209883
venous.nii_log-sigma-3-0-mm-3D_glrlm_ShortRunHighGrayLevelEmphasis,4.52919033545248
venous.nii_log-sigma-3-0-mm-3D_glrlm_ShortRunLowGrayLevelEmphasis,0.02097822206407513
venous.nii_log-sigma-3-0-mm-3D_glszm_GrayLevelNonUniformity,29.479338842975206
venous.nii_log-sigma-3-0-mm-3D_glszm_GrayLevelNonUniformityNormalized,0.24363089952872072
venous.nii_log-sigma-3-0-mm-3D_glszm_GrayLevelVariance,2.077180520456253
venous.nii_log-sigma-3-0-mm-3D_glszm_HighGrayLevelZoneEmphasis,23.115702479338843
venous.nii_log-sigma-3-0-mm-3D_glszm_LargeAreaEmphasis,65199185.9338843
venous.nii_log-sigma-3-0-mm-3D_glszm_LargeAreaHighGrayLevelEmphasis,1347627214.107438
venous.nii_log-sigma-3-0-mm-3D_glszm_LargeAreaLowGrayLevelEmphasis,3333856.1729462063
venous.nii_log-sigma-3-0-mm-3D_glszm_LowGrayLevelZoneEmphasis,0.07940068589419239
venous.nii_log-sigma-3-0-mm-3D_glszm_SizeZoneNonUniformity,8.37190082644628
venous.nii_log-sigma-3-0-mm-3D_glszm_SizeZoneNonUniformityNormalized,0.06918926302848166
venous.nii_log-sigma-3-0-mm-3D_glszm_SmallAreaEmphasis,0.25170607614514223
venous.nii_log-sigma-3-0-mm-3D_glszm_SmallAreaHighGrayLevelEmphasis,6.235562183262274
venous.nii_log-sigma-3-0-mm-3D_glszm_SmallAreaLowGrayLevelEmphasis,0.014306403690902471
venous.nii_log-sigma-3-0-mm-3D_glszm_ZoneEntropy,6.0475746259917535
venous.nii_log-sigma-3-0-mm-3D_glszm_ZonePercentage,0.0008614552185675637
venous.nii_log-sigma-3-0-mm-3D_glszm_ZoneVariance,63851667.89549895
venous.nii_log-sigma-4-0-mm-3D_firstorder_10Percentile,-27.36522598266601
venous.nii_log-sigma-4-0-mm-3D_firstorder_90Percentile,16.282122230529783
venous.nii_log-sigma-4-0-mm-3D_firstorder_Energy,139308489775.05008
venous.nii_log-sigma-4-0-mm-3D_firstorder_Entropy,1.5712915044841562
venous.nii_log-sigma-4-0-mm-3D_firstorder_InterquartileRange,23.281893014907837
venous.nii_log-sigma-4-0-mm-3D_firstorder_Kurtosis,3.415025969891127
venous.nii_log-sigma-4-0-mm-3D_firstorder_Maximum,73.5159683227539
venous.nii_log-sigma-4-0-mm-3D_firstorder_Mean,-4.260738045209495
venous.nii_log-sigma-4-0-mm-3D_firstorder_MeanAbsoluteDeviation,13.840421347117458
venous.nii_log-sigma-4-0-mm-3D_firstorder_Median,-2.187901258468628
venous.nii_log-sigma-4-0-mm-3D_firstorder_Minimum,-84.01551055908203
venous.nii_log-sigma-4-0-mm-3D_firstorder_Range,157.53147888183594
venous.nii_log-sigma-4-0-mm-3D_firstorder_RobustMeanAbsoluteDeviation,9.56879478552729
venous.nii_log-sigma-4-0-mm-3D_firstorder_RootMeanSquared,995.8924960547732
venous.nii_log-sigma-4-0-mm-3D_firstorder_Skewness,-0.6552893757607305
venous.nii_log-sigma-4-0-mm-3D_firstorder_TotalEnergy,139308489775.05008
venous.nii_log-sigma-4-0-mm-3D_firstorder_Uniformity,0.3868582676488466
venous.nii_log-sigma-4-0-mm-3D_firstorder_Variance,305.18589993547744
venous.nii_log-sigma-4-0-mm-3D_glcm_Autocorrelation,19.328076938071472
venous.nii_log-sigma-4-0-mm-3D_glcm_ClusterProminence,13.436985376977917
venous.nii_log-sigma-4-0-mm-3D_glcm_ClusterShade,-1.8130380488267146
venous.nii_log-sigma-4-0-mm-3D_glcm_ClusterTendency,2.0066897350693904
venous.nii_log-sigma-4-0-mm-3D_glcm_Contrast,0.13051348874479388
venous.nii_log-sigma-4-0-mm-3D_glcm_Correlation,0.8776939026597456
venous.nii_log-sigma-4-0-mm-3D_glcm_DifferenceAverage,0.13038783602411408
venous.nii_log-sigma-4-0-mm-3D_glcm_DifferenceEntropy,0.5549966967981315
venous.nii_log-sigma-4-0-mm-3D_glcm_DifferenceVariance,0.11288725032353764
venous.nii_log-sigma-4-0-mm-3D_glcm_Id,0.9348270241080563
venous.nii_log-sigma-4-0-mm-3D_glcm_Idm,0.934818647260011
venous.nii_log-sigma-4-0-mm-3D_glcm_Idmn,0.9973900147218303
venous.nii_log-sigma-4-0-mm-3D_glcm_Idn,0.9837032656736618
venous.nii_log-sigma-4-0-mm-3D_glcm_Imc1,-0.5931348852436331
venous.nii_log-sigma-4-0-mm-3D_glcm_Imc2,0.9154084225644971
venous.nii_log-sigma-4-0-mm-3D_glcm_InverseVariance,0.13027788989351927
venous.nii_log-sigma-4-0-mm-3D_glcm_JointAverage,4.342697243171838
venous.nii_log-sigma-4-0-mm-3D_glcm_JointEnergy,0.3102639938775743
venous.nii_log-sigma-4-0-mm-3D_glcm_JointEntropy,2.1775497328716935
venous.nii_log-sigma-4-0-mm-3D_glcm_MaximumProbability,0.39565490930869107
venous.nii_log-sigma-4-0-mm-3D_glcm_SumEntropy,2.0463888981010956
venous.nii_log-sigma-4-0-mm-3D_glcm_SumSquares,0.5343008059535461
venous.nii_log-sigma-4-0-mm-3D_gldm_DependenceEntropy,4.7921859213559825
venous.nii_log-sigma-4-0-mm-3D_gldm_DependenceNonUniformity,29047.66697992311
venous.nii_log-sigma-4-0-mm-3D_gldm_DependenceNonUniformityNormalized,0.20680383724849147
venous.nii_log-sigma-4-0-mm-3D_gldm_DependenceVariance,27.977798286864
venous.nii_log-sigma-4-0-mm-3D_gldm_GrayLevelNonUniformity,54338.112273957
venous.nii_log-sigma-4-0-mm-3D_gldm_GrayLevelVariance,0.551063508675721
venous.nii_log-sigma-4-0-mm-3D_gldm_HighGrayLevelEmphasis,19.31064359960131
venous.nii_log-sigma-4-0-mm-3D_gldm_LargeDependenceEmphasis,536.6122739569985
venous.nii_log-sigma-4-0-mm-3D_gldm_LargeDependenceHighGrayLevelEmphasis,10619.062316673786
venous.nii_log-sigma-4-0-mm-3D_gldm_LargeDependenceLowGrayLevelEmphasis,30.54799617244021
venous.nii_log-sigma-4-0-mm-3D_gldm_LowGrayLevelEmphasis,0.06022287685780089
venous.nii_log-sigma-4-0-mm-3D_gldm_SmallDependenceEmphasis,0.003038658109562845
venous.nii_log-sigma-4-0-mm-3D_gldm_SmallDependenceHighGrayLevelEmphasis,0.059216207187456175
venous.nii_log-sigma-4-0-mm-3D_gldm_SmallDependenceLowGrayLevelEmphasis,0.00020662372385179455
venous.nii_log-sigma-4-0-mm-3D_glrlm_GrayLevelNonUniformity,7730.918403918788
venous.nii_log-sigma-4-0-mm-3D_glrlm_GrayLevelNonUniformityNormalized,0.3213996098080339
venous.nii_log-sigma-4-0-mm-3D_glrlm_GrayLevelVariance,0.7826153328039556
venous.nii_log-sigma-4-0-mm-3D_glrlm_HighGrayLevelRunEmphasis,18.001811274486442
venous.nii_log-sigma-4-0-mm-3D_glrlm_LongRunEmphasis,76.8882010427391
venous.nii_log-sigma-4-0-mm-3D_glrlm_LongRunHighGrayLevelEmphasis,1582.296588507659
venous.nii_log-sigma-4-0-mm-3D_glrlm_LongRunLowGrayLevelEmphasis,4.102616764179388
venous.nii_log-sigma-4-0-mm-3D_glrlm_LowGrayLevelRunEmphasis,0.07009449078412279
venous.nii_log-sigma-4-0-mm-3D_glrlm_RunEntropy,5.579529228155064
venous.nii_log-sigma-4-0-mm-3D_glrlm_RunLengthNonUniformity,2552.5571150557316
venous.nii_log-sigma-4-0-mm-3D_glrlm_RunLengthNonUniformityNormalized,0.10178611592928165
venous.nii_log-sigma-4-0-mm-3D_glrlm_RunPercentage,0.1710413038477968
venous.nii_log-sigma-4-0-mm-3D_glrlm_RunVariance,37.55260823376575
venous.nii_log-sigma-4-0-mm-3D_glrlm_ShortRunEmphasis,0.23781849318598905
venous.nii_log-sigma-4-0-mm-3D_glrlm_ShortRunHighGrayLevelEmphasis,4.219366747400351
venous.nii_log-sigma-4-0-mm-3D_glrlm_ShortRunLowGrayLevelEmphasis,0.018873060443363357
venous.nii_log-sigma-4-0-mm-3D_glszm_GrayLevelNonUniformity,22.683168316831683
venous.nii_log-sigma-4-0-mm-3D_glszm_GrayLevelNonUniformityNormalized,0.22458582491912557
venous.nii_log-sigma-4-0-mm-3D_glszm_GrayLevelVariance,2.3448681501813544
venous.nii_log-sigma-4-0-mm-3D_glszm_HighGrayLevelZoneEmphasis,23.178217821782177
venous.nii_log-sigma-4-0-mm-3D_glszm_LargeAreaEmphasis,74399092.1980198
venous.nii_log-sigma-4-0-mm-3D_glszm_LargeAreaHighGrayLevelEmphasis,1501529833.6336634
venous.nii_log-sigma-4-0-mm-3D_glszm_LargeAreaLowGrayLevelEmphasis,3923374.1773734307
venous.nii_log-sigma-4-0-mm-3D_glszm_LowGrayLevelZoneEmphasis,0.10616998944792438
venous.nii_log-sigma-4-0-mm-3D_glszm_SizeZoneNonUniformity,8.326732673267326
venous.nii_log-sigma-4-0-mm-3D_glszm_SizeZoneNonUniformityNormalized,0.08244289775512205
venous.nii_log-sigma-4-0-mm-3D_glszm_SmallAreaEmphasis,0.2670345864103778
venous.nii_log-sigma-4-0-mm-3D_glszm_SmallAreaHighGrayLevelEmphasis,6.736063400637656
venous.nii_log-sigma-4-0-mm-3D_glszm_SmallAreaLowGrayLevelEmphasis,0.01640341631338664
venous.nii_log-sigma-4-0-mm-3D_glszm_ZoneEntropy,5.63642574536526
venous.nii_log-sigma-4-0-mm-3D_glszm_ZonePercentage,0.0007190659262423466
venous.nii_log-sigma-4-0-mm-3D_glszm_ZoneVariance,72465064.98500147
venous.nii_log-sigma-5-0-mm-3D_firstorder_10Percentile,-29.985742568969723
venous.nii_log-sigma-5-0-mm-3D_firstorder_90Percentile,18.01471576690674
venous.nii_log-sigma-5-0-mm-3D_firstorder_Energy,139281670766.65607
venous.nii_log-sigma-5-0-mm-3D_firstorder_Entropy,1.661056626480894
venous.nii_log-sigma-5-0-mm-3D_firstorder_InterquartileRange,25.617367267608643
venous.nii_log-sigma-5-0-mm-3D_firstorder_Kurtosis,3.121568295284378
venous.nii_log-sigma-5-0-mm-3D_firstorder_Maximum,56.45979690551758
venous.nii_log-sigma-5-0-mm-3D_firstorder_Mean,-4.380338872761881
venous.nii_log-sigma-5-0-mm-3D_firstorder_MeanAbsoluteDeviation,15.02280986693325
venous.nii_log-sigma-5-0-mm-3D_firstorder_Median,-2.348756790161133
venous.nii_log-sigma-5-0-mm-3D_firstorder_Minimum,-85.68043518066406
venous.nii_log-sigma-5-0-mm-3D_firstorder_Range,142.14023208618164
venous.nii_log-sigma-5-0-mm-3D_firstorder_RobustMeanAbsoluteDeviation,10.53550299231845
venous.nii_log-sigma-5-0-mm-3D_firstorder_RootMeanSquared,995.7966291953906
venous.nii_log-sigma-5-0-mm-3D_firstorder_Skewness,-0.5835851449635933
venous.nii_log-sigma-5-0-mm-3D_firstorder_TotalEnergy,139281670766.65607
venous.nii_log-sigma-5-0-mm-3D_firstorder_Uniformity,0.3666068585007066
venous.nii_log-sigma-5-0-mm-3D_firstorder_Variance,352.4170937856025
venous.nii_log-sigma-5-0-mm-3D_glcm_Autocorrelation,19.299717883083932
venous.nii_log-sigma-5-0-mm-3D_glcm_ClusterProminence,16.709432657130126
venous.nii_log-sigma-5-0-mm-3D_glcm_ClusterShade,-1.9105590407607407
venous.nii_log-sigma-5-0-mm-3D_glcm_ClusterTendency,2.2848253170318533
venous.nii_log-sigma-5-0-mm-3D_glcm_Contrast,0.11780611480293796
venous.nii_log-sigma-5-0-mm-3D_glcm_Correlation,0.9018199016251793
venous.nii_log-sigma-5-0-mm-3D_glcm_DifferenceAverage,0.11775820692488347
venous.nii_log-sigma-5-0-mm-3D_glcm_DifferenceEntropy,0.5190837126156349
venous.nii_log-sigma-5-0-mm-3D_glcm_DifferenceVariance,0.10336812548422054
venous.nii_log-sigma-5-0-mm-3D_glcm_Id,0.9411288811839007
venous.nii_log-sigma-5-0-mm-3D_glcm_Idm,0.9411256873253637
venous.nii_log-sigma-5-0-mm-3D_glcm_Idmn,0.9976439861746085
venous.nii_log-sigma-5-0-mm-3D_glcm_Idn,0.9852808895215849
venous.nii_log-sigma-5-0-mm-3D_glcm_Imc1,-0.6382613226986291
venous.nii_log-sigma-5-0-mm-3D_glcm_Imc2,0.9354406234144712
venous.nii_log-sigma-5-0-mm-3D_glcm_InverseVariance,0.1177162875315858
venous.nii_log-sigma-5-0-mm-3D_glcm_JointAverage,4.331045588548193
venous.nii_log-sigma-5-0-mm-3D_glcm_JointEnergy,0.2996409864469529
venous.nii_log-sigma-5-0-mm-3D_glcm_JointEntropy,2.2358770592833412
venous.nii_log-sigma-5-0-mm-3D_glcm_MaximumProbability,0.3887250548643635
venous.nii_log-sigma-5-0-mm-3D_glcm_SumEntropy,2.117832749175572
venous.nii_log-sigma-5-0-mm-3D_glcm_SumSquares,0.6006578579586979
venous.nii_log-sigma-5-0-mm-3D_gldm_DependenceEntropy,4.779147990527272
venous.nii_log-sigma-5-0-mm-3D_gldm_DependenceNonUniformity,32457.064658977644
venous.nii_log-sigma-5-0-mm-3D_gldm_DependenceNonUniformityNormalized,0.2310769233872821
venous.nii_log-sigma-5-0-mm-3D_gldm_DependenceVariance,26.694726209396116
venous.nii_log-sigma-5-0-mm-3D_gldm_GrayLevelNonUniformity,51493.59934500926
venous.nii_log-sigma-5-0-mm-3D_gldm_GrayLevelVariance,0.617098345210563
venous.nii_log-sigma-5-0-mm-3D_gldm_HighGrayLevelEmphasis,19.324170582372204
venous.nii_log-sigma-5-0-mm-3D_gldm_LargeDependenceEmphasis,549.4730314680336
venous.nii_log-sigma-5-0-mm-3D_gldm_LargeDependenceHighGrayLevelEmphasis,10790.90603018653
venous.nii_log-sigma-5-0-mm-3D_gldm_LargeDependenceLowGrayLevelEmphasis,32.15664916501272
venous.nii_log-sigma-5-0-mm-3D_gldm_LowGrayLevelEmphasis,0.06139059808507389
venous.nii_log-sigma-5-0-mm-3D_gldm_SmallDependenceEmphasis,0.0028601924369684615
venous.nii_log-sigma-5-0-mm-3D_gldm_SmallDependenceHighGrayLevelEmphasis,0.057798830055345425
venous.nii_log-sigma-5-0-mm-3D_gldm_SmallDependenceLowGrayLevelEmphasis,0.00018849815797073518
venous.nii_log-sigma-5-0-mm-3D_glrlm_GrayLevelNonUniformity,6803.973286815976
venous.nii_log-sigma-5-0-mm-3D_glrlm_GrayLevelNonUniformityNormalized,0.3040998839389522
venous.nii_log-sigma-5-0-mm-3D_glrlm_GrayLevelVariance,0.874410991231066
venous.nii_log-sigma-5-0-mm-3D_glrlm_HighGrayLevelRunEmphasis,18.428323757034264
venous.nii_log-sigma-5-0-mm-3D_glrlm_LongRunEmphasis,85.9898173598382
venous.nii_log-sigma-5-0-mm-3D_glrlm_LongRunHighGrayLevelEmphasis,1743.2121351014914
venous.nii_log-sigma-5-0-mm-3D_glrlm_LongRunLowGrayLevelEmphasis,4.732868444892447
venous.nii_log-sigma-5-0-mm-3D_glrlm_LowGrayLevelRunEmphasis,0.07082044716936772
venous.nii_log-sigma-5-0-mm-3D_glrlm_RunEntropy,5.7812828419825815
venous.nii_log-sigma-5-0-mm-3D_glrlm_RunLengthNonUniformity,2125.5766545406627
venous.nii_log-sigma-5-0-mm-3D_glrlm_RunLengthNonUniformityNormalized,0.09078260749806549
venous.nii_log-sigma-5-0-mm-3D_glrlm_RunPercentage,0.1590636261076244
venous.nii_log-sigma-5-0-mm-3D_glrlm_RunVariance,40.18394297917376
venous.nii_log-sigma-5-0-mm-3D_glrlm_ShortRunEmphasis,0.21671577884934295
venous.nii_log-sigma-5-0-mm-3D_glrlm_ShortRunHighGrayLevelEmphasis,4.091197855896442
venous.nii_log-sigma-5-0-mm-3D_glrlm_ShortRunLowGrayLevelEmphasis,0.01737847693998739
venous.nii_log-sigma-5-0-mm-3D_glszm_GrayLevelNonUniformity,20.041095890410958
venous.nii_log-sigma-5-0-mm-3D_glszm_GrayLevelNonUniformityNormalized,0.2745355601426159
venous.nii_log-sigma-5-0-mm-3D_glszm_GrayLevelVariance,2.8211671983486584
venous.nii_log-sigma-5-0-mm-3D_glszm_HighGrayLevelZoneEmphasis,27.54794520547945
venous.nii_log-sigma-5-0-mm-3D_glszm_LargeAreaEmphasis,98025535.5890411
venous.nii_log-sigma-5-0-mm-3D_glszm_LargeAreaHighGrayLevelEmphasis,1978517625.1369863
venous.nii_log-sigma-5-0-mm-3D_glszm_LargeAreaLowGrayLevelEmphasis,5208776.5530356765
venous.nii_log-sigma-5-0-mm-3D_glszm_LowGrayLevelZoneEmphasis,0.10099804305283759
venous.nii_log-sigma-5-0-mm-3D_glszm_SizeZoneNonUniformity,6.534246575342466
venous.nii_log-sigma-5-0-mm-3D_glszm_SizeZoneNonUniformityNormalized,0.08951022705948583
venous.nii_log-sigma-5-0-mm-3D_glszm_SmallAreaEmphasis,0.28407216355176873
venous.nii_log-sigma-5-0-mm-3D_glszm_SmallAreaHighGrayLevelEmphasis,8.985437137271854
venous.nii_log-sigma-5-0-mm-3D_glszm_SmallAreaLowGrayLevelEmphasis,0.012757081137850014
venous.nii_log-sigma-5-0-mm-3D_glszm_ZoneEntropy,5.3408633472219575
venous.nii_log-sigma-5-0-mm-3D_glszm_ZonePercentage,0.0005197209169870426
venous.nii_log-sigma-5-0-mm-3D_glszm_ZoneVariance,94323337.87840119
venous.nii_original_firstorder_10Percentile,20.0
venous.nii_original_firstorder_90Percentile,108.0
venous.nii_original_firstorder_Energy,158160845587.0
venous.nii_original_firstorder_Entropy,2.4525490868423545
venous.nii_original_firstorder_InterquartileRange,54.0
venous.nii_original_firstorder_Kurtosis,2.376069711032914
venous.nii_original_firstorder_Maximum,198.0
venous.nii_original_firstorder_Mean,60.600519720916985
venous.nii_original_firstorder_MeanAbsoluteDeviation,28.650609313545132
venous.nii_original_firstorder_Median,57.0
venous.nii_original_firstorder_Minimum,-60.0
venous.nii_original_firstorder_Range,258.0
venous.nii_original_firstorder_RobustMeanAbsoluteDeviation,22.12649458387945
venous.nii_original_firstorder_RootMeanSquared,1061.1411517015742
venous.nii_original_firstorder_Skewness,0.3780177661056728
venous.nii_original_firstorder_TotalEnergy,158160845587.0
venous.nii_original_firstorder_Uniformity,0.201365515543617
venous.nii_original_firstorder_Variance,1147.0814022644195
venous.nii_original_glcm_Autocorrelation,36.647315466756154
venous.nii_original_glcm_ClusterProminence,114.70723748291083
venous.nii_original_glcm_ClusterShade,6.901532263019728
venous.nii_original_glcm_ClusterTendency,7.010132734237637
venous.nii_original_glcm_Contrast,0.5500116728638444
venous.nii_original_glcm_Correlation,0.8543945553296115
venous.nii_original_glcm_DifferenceAverage,0.4761088968516446
venous.nii_original_glcm_DifferenceEntropy,1.1445138319758499
venous.nii_original_glcm_DifferenceVariance,0.3137083491352237
venous.nii_original_glcm_Id,0.7737507553005011
venous.nii_original_glcm_Idm,0.7693217377244456
venous.nii_original_glcm_Idmn,0.9955255121769407
venous.nii_original_glcm_Idn,0.9607922225349508
venous.nii_original_glcm_Imc1,-0.38644056119576475
venous.nii_original_glcm_Imc2,0.9146944057254268
venous.nii_original_glcm_InverseVariance,0.4161796995268852
venous.nii_original_glcm_JointAverage,5.918803071424667
venous.nii_original_glcm_JointEnergy,0.08661858906564635
venous.nii_original_glcm_JointEntropy,3.926762461695508
venous.nii_original_glcm_MaximumProbability,0.1684401088535676
venous.nii_original_glcm_SumEntropy,3.3080707119227446
venous.nii_original_glcm_SumSquares,1.8900361017753702
venous.nii_original_gldm_DependenceEntropy,6.896064718115856
venous.nii_original_gldm_DependenceNonUniformity,6803.719891784138
venous.nii_original_gldm_DependenceNonUniformityNormalized,0.04843884302850732
venous.nii_original_gldm_DependenceVariance,31.307802007881627
venous.nii_original_gldm_GrayLevelNonUniformity,28283.800313256444
venous.nii_original_gldm_GrayLevelVariance,1.9269833634747318
venous.nii_original_gldm_HighGrayLevelEmphasis,37.25327495372348
venous.nii_original_gldm_LargeDependenceEmphasis,252.14018225829417
venous.nii_original_gldm_LargeDependenceHighGrayLevelEmphasis,8985.444133561155
venous.nii_original_gldm_LargeDependenceLowGrayLevelEmphasis,8.682664285447002
venous.nii_original_gldm_LowGrayLevelEmphasis,0.033466239393811645
venous.nii_original_gldm_SmallDependenceEmphasis,0.011826929558198723
venous.nii_original_gldm_SmallDependenceHighGrayLevelEmphasis,0.4608961782329225
venous.nii_original_gldm_SmallDependenceLowGrayLevelEmphasis,0.00045653056607077697
venous.nii_original_glrlm_GrayLevelNonUniformity,12666.763336657928
venous.nii_original_glrlm_GrayLevelNonUniformityNormalized,0.19317205574900775
venous.nii_original_glrlm_GrayLevelVariance,2.045205470067095
venous.nii_original_glrlm_HighGrayLevelRunEmphasis,38.41470605119834
venous.nii_original_glrlm_LongRunEmphasis,9.469093801610384
venous.nii_original_glrlm_LongRunHighGrayLevelEmphasis,335.35836998143685
venous.nii_original_glrlm_LongRunLowGrayLevelEmphasis,0.3297204446516322
venous.nii_original_glrlm_LowGrayLevelRunEmphasis,0.03289770123394995
venous.nii_original_glrlm_RunEntropy,4.654844512716155
venous.nii_original_glrlm_RunLengthNonUniformity,22011.05270815515
venous.nii_original_glrlm_RunLengthNonUniformityNormalized,0.32329004284013957
venous.nii_original_glrlm_RunPercentage,0.4669065378591222
venous.nii_original_glrlm_RunVariance,3.8187159250022207
venous.nii_original_glrlm_ShortRunEmphasis,0.5652193335685662
venous.nii_original_glrlm_ShortRunHighGrayLevelEmphasis,22.112705075664337
venous.nii_original_glrlm_ShortRunLowGrayLevelEmphasis,0.018563752563148857
venous.nii_original_glszm_GrayLevelNonUniformity,91.99594046008119
venous.nii_original_glszm_GrayLevelNonUniformityNormalized,0.12448706422203139
venous.nii_original_glszm_GrayLevelVariance,5.346412241975679
venous.nii_original_glszm_HighGrayLevelZoneEmphasis,41.33017591339648
venous.nii_original_glszm_LargeAreaEmphasis,4838186.665764547
venous.nii_original_glszm_LargeAreaHighGrayLevelEmphasis,166705549.8308525
venous.nii_original_glszm_LargeAreaLowGrayLevelEmphasis,159841.0086749787
venous.nii_original_glszm_LowGrayLevelZoneEmphasis,0.050146450058365225
venous.nii_original_glszm_SizeZoneNonUniformity,89.27063599458728
venous.nii_original_glszm_SizeZoneNonUniformityNormalized,0.12079923679917089
venous.nii_original_glszm_SmallAreaEmphasis,0.3167420326493841
venous.nii_original_glszm_SmallAreaHighGrayLevelEmphasis,11.775868761260016
venous.nii_original_glszm_SmallAreaLowGrayLevelEmphasis,0.01914929810437448
venous.nii_original_glszm_ZoneEntropy,6.633069417014033
venous.nii_original_glszm_ZonePercentage,0.005261284351416773
venous.nii_original_glszm_ZoneVariance,4802060.9507673215
venous.nii_original_shape_Elongation,0.650311389501159
venous.nii_original_shape_Flatness,0.5257187793883032
venous.nii_original_shape_LeastAxisLength,44.896524953904
venous.nii_original_shape_MajorAxisLength,85.40026857351961
venous.nii_original_shape_Maximum2DDiameterColumn,80.2122185206219
venous.nii_original_shape_Maximum2DDiameterRow,87.11486669908874
venous.nii_original_shape_Maximum2DDiameterSlice,78.10889834071403
venous.nii_original_shape_Maximum3DDiameter,94.81033698917012
venous.nii_original_shape_MeshVolume,140358.75
venous.nii_original_shape_MinorAxisLength,55.53676731981769
venous.nii_original_shape_Sphericity,0.662990390391544
venous.nii_original_shape_SurfaceArea,19700.165987614084
venous.nii_original_shape_SurfaceVolumeRatio,0.14035580957805682
venous.nii_original_shape_VoxelVolume,140460.0
venous.nii_wavelet-HHH_firstorder_10Percentile,-0.6795305013604229
venous.nii_wavelet-HHH_firstorder_90Percentile,0.6770724475967108
venous.nii_wavelet-HHH_firstorder_Energy,140460018603.85153
venous.nii_wavelet-HHH_firstorder_Entropy,0.9999994195292183
venous.nii_wavelet-HHH_firstorder_InterquartileRange,0.6960757849862476
venous.nii_wavelet-HHH_firstorder_Kurtosis,3.5590805663605023
venous.nii_wavelet-HHH_firstorder_Maximum,3.318331860649428
venous.nii_wavelet-HHH_firstorder_Mean,-8.288945844133565e-05
venous.nii_wavelet-HHH_firstorder_MeanAbsoluteDeviation,0.42646720109761777
venous.nii_wavelet-HHH_firstorder_Median,0.0005535542698362969
venous.nii_wavelet-HHH_firstorder_Minimum,-2.799628057184805
venous.nii_wavelet-HHH_firstorder_Range,6.1179599178342325
venous.nii_wavelet-HHH_firstorder_RobustMeanAbsoluteDeviation,0.29037471274693855
venous.nii_wavelet-HHH_firstorder_RootMeanSquared,1000.0000662247292
venous.nii_wavelet-HHH_firstorder_Skewness,-0.009529701632022134
venous.nii_wavelet-HHH_firstorder_TotalEnergy,140460018603.85153
venous.nii_wavelet-HHH_firstorder_Uniformity,0.5000004023516313
venous.nii_wavelet-HHH_firstorder_Variance,0.2982283727950175
venous.nii_wavelet-HHH_glcm_Autocorrelation,2.246419382295548
venous.nii_wavelet-HHH_glcm_ClusterProminence,0.48970351097728737
venous.nii_wavelet-HHH_glcm_ClusterShade,-0.00047857284096724216
venous.nii_wavelet-HHH_glcm_ClusterTendency,0.48970362293215935
venous.nii_wavelet-HHH_glcm_Contrast,0.5102952591869058
venous.nii_wavelet-HHH_glcm_Correlation,-0.020591673573090313
venous.nii_wavelet-HHH_glcm_DifferenceAverage,0.5102952591869058
venous.nii_wavelet-HHH_glcm_DifferenceEntropy,0.9843742863851148
venous.nii_wavelet-HHH_glcm_DifferenceVariance,0.24464762806904736
venous.nii_wavelet-HHH_glcm_Id,0.7448523704065472
venous.nii_wavelet-HHH_glcm_Idm,0.7448523704065472
venous.nii_wavelet-HHH_glcm_Idmn,0.8979409481626188
venous.nii_wavelet-HHH_glcm_Idn,0.8299015802710313
venous.nii_wavelet-HHH_glcm_Imc1,-0.015625825024335658
venous.nii_wavelet-HHH_glcm_Imc2,0.12859214703863603
venous.nii_wavelet-HHH_glcm_InverseVariance,0.5102952591869058
venous.nii_wavelet-HHH_glcm_JointAverage,1.5005223372963337
venous.nii_wavelet-HHH_glcm_JointEnergy,0.2553529308714201
venous.nii_wavelet-HHH_glcm_JointEntropy,1.9843725753603594
venous.nii_wavelet-HHH_glcm_MaximumProbability,0.27732333813058346
venous.nii_wavelet-HHH_glcm_SumEntropy,1.474077316173454
venous.nii_wavelet-HHH_glcm_SumSquares,0.24999972052976632
venous.nii_wavelet-HHH_gldm_DependenceEntropy,4.2511228347992285
venous.nii_wavelet-HHH_gldm_DependenceNonUniformity,18021.290274811334
venous.nii_wavelet-HHH_gldm_DependenceNonUniformityNormalized,0.1283019384508852
venous.nii_wavelet-HHH_gldm_DependenceVariance,5.719686303190171
venous.nii_wavelet-HHH_gldm_GrayLevelNonUniformity,70230.05651431013
venous.nii_wavelet-HHH_gldm_GrayLevelVariance,0.24999979882418438
venous.nii_wavelet-HHH_gldm_HighGrayLevelEmphasis,2.501345578812473
venous.nii_wavelet-HHH_gldm_LargeDependenceEmphasis,178.072504627652
venous.nii_wavelet-HHH_gldm_LargeDependenceHighGrayLevelEmphasis,446.0521073615264
venous.nii_wavelet-HHH_gldm_LargeDependenceLowGrayLevelEmphasis,111.0776039441834
venous.nii_wavelet-HHH_gldm_LowGrayLevelEmphasis,0.6246636052968817
venous.nii_wavelet-HHH_gldm_SmallDependenceEmphasis,0.006774317923369668
venous.nii_wavelet-HHH_gldm_SmallDependenceHighGrayLevelEmphasis,0.01692281750047642
venous.nii_wavelet-HHH_gldm_SmallDependenceLowGrayLevelEmphasis,0.00423719302909298
venous.nii_wavelet-HHH_glrlm_GrayLevelNonUniformity,37469.543098011185
venous.nii_wavelet-HHH_glrlm_GrayLevelNonUniformityNormalized,0.5000000646910158
venous.nii_wavelet-HHH_glrlm_GrayLevelVariance,0.24999996765449214
venous.nii_wavelet-HHH_glrlm_HighGrayLevelRunEmphasis,2.4997380479807947
venous.nii_wavelet-HHH_glrlm_LongRunEmphasis,5.440758223815587
venous.nii_wavelet-HHH_glrlm_LongRunHighGrayLevelEmphasis,13.620282921901342
venous.nii_wavelet-HHH_glrlm_LongRunLowGrayLevelEmphasis,3.395877049294148
venous.nii_wavelet-HHH_glrlm_LowGrayLevelRunEmphasis,0.6250654880048013
venous.nii_wavelet-HHH_glrlm_RunEntropy,2.8580932753483332
venous.nii_wavelet-HHH_glrlm_RunLengthNonUniformity,27638.376056839923
venous.nii_wavelet-HHH_glrlm_RunLengthNonUniformityNormalized,0.36261559137804045
venous.nii_wavelet-HHH_glrlm_RunPercentage,0.5335261065290966
venous.nii_wavelet-HHH_glrlm_RunVariance,1.729130080332097
venous.nii_wavelet-HHH_glrlm_ShortRunEmphasis,0.6062958619405995
venous.nii_wavelet-HHH_glrlm_ShortRunHighGrayLevelEmphasis,1.514661058776616
venous.nii_wavelet-HHH_glrlm_ShortRunLowGrayLevelEmphasis,0.3792045627315953
venous.nii_wavelet-HHH_glszm_GrayLevelNonUniformity,1.0
venous.nii_wavelet-HHH_glszm_GrayLevelNonUniformityNormalized,0.5
venous.nii_wavelet-HHH_glszm_GrayLevelVariance,0.25
venous.nii_wavelet-HHH_glszm_HighGrayLevelZoneEmphasis,2.5
venous.nii_wavelet-HHH_glszm_LargeAreaEmphasis,4932256869.0
venous.nii_wavelet-HHH_glszm_LargeAreaHighGrayLevelEmphasis,12343915642.5
venous.nii_wavelet-HHH_glszm_LargeAreaLowGrayLevelEmphasis,3079342175.625
venous.nii_wavelet-HHH_glszm_LowGrayLevelZoneEmphasis,0.625
venous.nii_wavelet-HHH_glszm_SizeZoneNonUniformity,1.0
venous.nii_wavelet-HHH_glszm_SizeZoneNonUniformityNormalized,0.5
venous.nii_wavelet-HHH_glszm_SmallAreaEmphasis,2.0274759514319007e-10
venous.nii_wavelet-HHH_glszm_SmallAreaHighGrayLevelEmphasis,5.063233625604325e-10
venous.nii_wavelet-HHH_glszm_SmallAreaLowGrayLevelEmphasis,1.2685365328887948e-10
venous.nii_wavelet-HHH_glszm_ZoneEntropy,0.9999999999999993
venous.nii_wavelet-HHH_glszm_ZonePercentage,1.4238929232521714e-05
venous.nii_wavelet-HHH_glszm_ZoneVariance,3969.0
venous.nii_wavelet-HHL_firstorder_10Percentile,-10.424495907636361
venous.nii_wavelet-HHL_firstorder_90Percentile,10.486480427016804
venous.nii_wavelet-HHL_firstorder_Energy,140471950196.4545
venous.nii_wavelet-HHL_firstorder_Entropy,1.0395270452929732
venous.nii_wavelet-HHL_firstorder_InterquartileRange,10.874808378415365
venous.nii_wavelet-HHL_firstorder_Kurtosis,3.257967638771819
venous.nii_wavelet-HHL_firstorder_Maximum,42.286567849036565
venous.nii_wavelet-HHL_firstorder_Mean,0.00836134101526454
venous.nii_wavelet-HHL_firstorder_MeanAbsoluteDeviation,6.534189940296251
venous.nii_wavelet-HHL_firstorder_Median,-0.019227706243254192
venous.nii_wavelet-HHL_firstorder_Minimum,-45.075291944094886
venous.nii_wavelet-HHL_firstorder_Range,87.36185979313146
venous.nii_wavelet-HHL_firstorder_RobustMeanAbsoluteDeviation,4.521199674961108
venous.nii_wavelet-HHL_firstorder_RootMeanSquared,1000.0425385956415
venous.nii_wavelet-HHL_firstorder_Skewness,0.024172867582051012
venous.nii_wavelet-HHL_firstorder_TotalEnergy,140471950196.4545
venous.nii_wavelet-HHL_firstorder_Uniformity,0.4957765444265844
venous.nii_wavelet-HHL_firstorder_Variance,68.35624887257734
venous.nii_wavelet-HHL_glcm_Autocorrelation,6.244581771966564
venous.nii_wavelet-HHL_glcm_ClusterProminence,0.5714187844177568
venous.nii_wavelet-HHL_glcm_ClusterShade,0.003350131307953977
venous.nii_wavelet-HHL_glcm_ClusterTendency,0.5144573069699663
venous.nii_wavelet-HHL_glcm_Contrast,0.5191813865833868
venous.nii_wavelet-HHL_glcm_Correlation,-0.004600095008212757
venous.nii_wavelet-HHL_glcm_DifferenceAverage,0.5097280176568624
venous.nii_wavelet-HHL_glcm_DifferenceEntropy,0.9778280230560252
venous.nii_wavelet-HHL_glcm_DifferenceVariance,0.24004036509047952
venous.nii_wavelet-HHL_glcm_Id,0.7466859300859933
venous.nii_wavelet-HHL_glcm_Idm,0.7460813280642214
venous.nii_wavelet-HHL_glcm_Idmn,0.9696332537418445
venous.nii_wavelet-HHL_glcm_Idn,0.8983665804720835
venous.nii_wavelet-HHL_glcm_Imc1,-0.06083846447462074
venous.nii_wavelet-HHL_glcm_Imc2,0.21793160926403918
venous.nii_wavelet-HHL_glcm_InverseVariance,0.5016983108164877
venous.nii_wavelet-HHL_glcm_JointAverage,2.499152409771632
venous.nii_wavelet-HHL_glcm_JointEnergy,0.2644871386720214
venous.nii_wavelet-HHL_glcm_JointEntropy,2.0152095323350814
venous.nii_wavelet-HHL_glcm_MaximumProbability,0.2942094861889176
venous.nii_wavelet-HHL_glcm_SumEntropy,1.474123419624529
venous.nii_wavelet-HHL_glcm_SumSquares,0.2584096733883383
venous.nii_wavelet-HHL_gldm_DependenceEntropy,4.585694216899933
venous.nii_wavelet-HHL_gldm_DependenceNonUniformity,14016.12763776164
venous.nii_wavelet-HHL_gldm_DependenceNonUniformityNormalized,0.09978732477403987
venous.nii_wavelet-HHL_gldm_DependenceVariance,8.797048491775431
venous.nii_wavelet-HHL_gldm_GrayLevelNonUniformity,69636.77343015805
venous.nii_wavelet-HHL_gldm_GrayLevelVariance,0.25848621935018784
venous.nii_wavelet-HHL_gldm_HighGrayLevelEmphasis,6.506350562437705
venous.nii_wavelet-HHL_gldm_LargeDependenceEmphasis,184.83058521999146
venous.nii_wavelet-HHL_gldm_LargeDependenceHighGrayLevelEmphasis,1197.6144952299587
venous.nii_wavelet-HHL_gldm_LargeDependenceLowGrayLevelEmphasis,33.487375458809936
venous.nii_wavelet-HHL_gldm_LowGrayLevelEmphasis,0.18201766616039364
venous.nii_wavelet-HHL_gldm_SmallDependenceEmphasis,0.007941030387118814
venous.nii_wavelet-HHL_gldm_SmallDependenceHighGrayLevelEmphasis,0.054121105492419865
venous.nii_wavelet-HHL_gldm_SmallDependenceLowGrayLevelEmphasis,0.0017500291908872012
venous.nii_wavelet-HHL_glrlm_GrayLevelNonUniformity,36533.94016564988
venous.nii_wavelet-HHL_glrlm_GrayLevelNonUniformityNormalized,0.4921019079330882
venous.nii_wavelet-HHL_glrlm_GrayLevelVariance,0.26592734487885594
venous.nii_wavelet-HHL_glrlm_HighGrayLevelRunEmphasis,6.52370853906637
venous.nii_wavelet-HHL_glrlm_LongRunEmphasis,12.033727696842734
venous.nii_wavelet-HHL_glrlm_LongRunHighGrayLevelEmphasis,77.93540181229031
venous.nii_wavelet-HHL_glrlm_LongRunLowGrayLevelEmphasis,2.1868393148578593
venous.nii_wavelet-HHL_glrlm_LowGrayLevelRunEmphasis,0.18297403905498033
venous.nii_wavelet-HHL_glrlm_RunEntropy,2.9897237994044947
venous.nii_wavelet-HHL_glrlm_RunLengthNonUniformity,28288.83100268931
venous.nii_wavelet-HHL_glrlm_RunLengthNonUniformityNormalized,0.3571438912131242
venous.nii_wavelet-HHL_glrlm_RunPercentage,0.528162959068555
venous.nii_wavelet-HHL_glrlm_RunVariance,4.037079827233287
venous.nii_wavelet-HHL_glrlm_ShortRunEmphasis,0.5769899605938492
venous.nii_wavelet-HHL_glrlm_ShortRunHighGrayLevelEmphasis,3.7716041101984388
venous.nii_wavelet-HHL_glrlm_ShortRunLowGrayLevelEmphasis,0.10640110334725117
venous.nii_wavelet-HHL_glszm_GrayLevelNonUniformity,99.81904761904762
venous.nii_wavelet-HHL_glszm_GrayLevelNonUniformityNormalized,0.47532879818594104
venous.nii_wavelet-HHL_glszm_GrayLevelVariance,2.1818820861678008
venous.nii_wavelet-HHL_glszm_HighGrayLevelZoneEmphasis,8.966666666666667
venous.nii_wavelet-HHL_glszm_LargeAreaEmphasis,46568873.97142857
venous.nii_wavelet-HHL_glszm_LargeAreaHighGrayLevelEmphasis,302286475.0952381
venous.nii_wavelet-HHL_glszm_LargeAreaLowGrayLevelEmphasis,8419695.221064815
venous.nii_wavelet-HHL_glszm_LowGrayLevelZoneEmphasis,0.48683862433862435
venous.nii_wavelet-HHL_glszm_SizeZoneNonUniformity,41.8
venous.nii_wavelet-HHL_glszm_SizeZoneNonUniformityNormalized,0.19904761904761906
venous.nii_wavelet-HHL_glszm_SmallAreaEmphasis,0.28249645766790654
venous.nii_wavelet-HHL_glszm_SmallAreaHighGrayLevelEmphasis,2.64804512053002
venous.nii_wavelet-HHL_glszm_SmallAreaLowGrayLevelEmphasis,0.12901796980952707
venous.nii_wavelet-HHL_glszm_ZoneEntropy,3.5923388189229577
venous.nii_wavelet-HHL_glszm_ZonePercentage,0.00149508756941478
venous.nii_wavelet-HHL_glszm_ZoneVariance,46121504.093877554
venous.nii_wavelet-HLH_firstorder_10Percentile,-0.8659978918406073
venous.nii_wavelet-HLH_firstorder_90Percentile,0.8709083379492929
venous.nii_wavelet-HLH_firstorder_Energy,140460393624.74255
venous.nii_wavelet-HLH_firstorder_Entropy,0.9999901134015705
venous.nii_wavelet-HLH_firstorder_InterquartileRange,0.8729886172763908
venous.nii_wavelet-HLH_firstorder_Kurtosis,4.484594048175615
venous.nii_wavelet-HLH_firstorder_Maximum,4.922332187356258
venous.nii_wavelet-HLH_firstorder_Mean,0.0011382084305354744
venous.nii_wavelet-HLH_firstorder_MeanAbsoluteDeviation,0.551863262121637
venous.nii_wavelet-HLH_firstorder_Median,-0.002749385167662934
venous.nii_wavelet-HLH_firstorder_Minimum,-5.405290026007649
venous.nii_wavelet-HLH_firstorder_Range,10.327622213363908
venous.nii_wavelet-HLH_firstorder_RobustMeanAbsoluteDeviation,0.3651850710747831
venous.nii_wavelet-HLH_firstorder_RootMeanSquared,1000.0014011977316
venous.nii_wavelet-HLH_firstorder_Skewness,0.05389651628728002
venous.nii_wavelet-HLH_firstorder_TotalEnergy,140460393624.74255
venous.nii_wavelet-HLH_firstorder_Uniformity,0.5000068528521722
venous.nii_wavelet-HLH_firstorder_Variance,0.525979270229266
venous.nii_wavelet-HLH_glcm_Autocorrelation,2.262687186231871
venous.nii_wavelet-HLH_glcm_ClusterProminence,0.5384400680387824
venous.nii_wavelet-HLH_glcm_ClusterShade,0.0026708048883885985
venous.nii_wavelet-HLH_glcm_ClusterTendency,0.5384358600500623
venous.nii_wavelet-HLH_glcm_Contrast,0.461544849827378
venous.nii_wavelet-HLH_glcm_Correlation,0.07689241291186026
venous.nii_wavelet-HLH_glcm_DifferenceAverage,0.461544849827378
venous.nii_wavelet-HLH_glcm_DifferenceEntropy,0.9714766754390353
venous.nii_wavelet-HLH_glcm_DifferenceVariance,0.24034909561128787
venous.nii_wavelet-HLH_glcm_Id,0.7692275750863111
venous.nii_wavelet-HLH_glcm_Idm,0.7692275750863111
venous.nii_wavelet-HLH_glcm_Idmn,0.9076910300345244
venous.nii_wavelet-HLH_glcm_Idn,0.8461517167242074
venous.nii_wavelet-HLH_glcm_Imc1,-0.028522358983147065
venous.nii_wavelet-HLH_glcm_Imc2,0.1570134754869622
venous.nii_wavelet-HLH_glcm_InverseVariance,0.461544849827378
venous.nii_wavelet-HLH_glcm_JointAverage,1.4978198703818533
venous.nii_wavelet-HLH_glcm_JointEnergy,0.2596605494499919
venous.nii_wavelet-HLH_glcm_JointEntropy,1.9714501555131378
venous.nii_wavelet-HLH_glcm_MaximumProbability,0.2846085703613253
venous.nii_wavelet-HLH_glcm_SumEntropy,1.5099053056857603
venous.nii_wavelet-HLH_glcm_SumSquares,0.2499951774693601
venous.nii_wavelet-HLH_gldm_DependenceEntropy,4.931210270778445
venous.nii_wavelet-HLH_gldm_DependenceNonUniformity,10847.447045422185
venous.nii_wavelet-HLH_gldm_DependenceNonUniformityNormalized,0.07722801541664662
venous.nii_wavelet-HLH_gldm_DependenceVariance,13.673465066846026
venous.nii_wavelet-HLH_gldm_GrayLevelNonUniformity,70230.96255161612
venous.nii_wavelet-HLH_gldm_GrayLevelVariance,0.24999657357391383
venous.nii_wavelet-HLH_gldm_HighGrayLevelEmphasis,2.4944468175993166
venous.nii_wavelet-HLH_gldm_LargeDependenceEmphasis,219.6125160187954
venous.nii_wavelet-HLH_gldm_LargeDependenceHighGrayLevelEmphasis,544.9326356258009
venous.nii_wavelet-HLH_gldm_LargeDependenceLowGrayLevelEmphasis,138.282486117044
venous.nii_wavelet-HLH_gldm_LowGrayLevelEmphasis,0.6263882956001708
venous.nii_wavelet-HLH_gldm_SmallDependenceEmphasis,0.00672877118469227
venous.nii_wavelet-HLH_gldm_SmallDependenceHighGrayLevelEmphasis,0.01682669144688039
venous.nii_wavelet-HLH_gldm_SmallDependenceLowGrayLevelEmphasis,0.004204291119145239
venous.nii_wavelet-HLH_glrlm_GrayLevelNonUniformity,34168.09775493887
venous.nii_wavelet-HLH_glrlm_GrayLevelNonUniformityNormalized,0.5000008876469484
venous.nii_wavelet-HLH_glrlm_GrayLevelVariance,0.24999955617652586
venous.nii_wavelet-HLH_glrlm_HighGrayLevelRunEmphasis,2.5013795968366375
venous.nii_wavelet-HLH_glrlm_LongRunEmphasis,7.280955366309258
venous.nii_wavelet-HLH_glrlm_LongRunHighGrayLevelEmphasis,18.069326569934443
venous.nii_wavelet-HLH_glrlm_LongRunLowGrayLevelEmphasis,4.5838625654029626
venous.nii_wavelet-HLH_glrlm_LowGrayLevelRunEmphasis,0.6246551007908406
venous.nii_wavelet-HLH_glrlm_RunEntropy,3.0570138249135095
venous.nii_wavelet-HLH_glrlm_RunLengthNonUniformity,22763.60235096649
venous.nii_wavelet-HLH_glrlm_RunLengthNonUniformityNormalized,0.32094504417455777
venous.nii_wavelet-HLH_glrlm_RunPercentage,0.48651628166792626
venous.nii_wavelet-HLH_glrlm_RunVariance,2.411324758256426
venous.nii_wavelet-HLH_glrlm_ShortRunEmphasis,0.5539536094512632
venous.nii_wavelet-HLH_glrlm_ShortRunHighGrayLevelEmphasis,1.387328550213046
venous.nii_wavelet-HLH_glrlm_ShortRunLowGrayLevelEmphasis,0.3456098742608172
venous.nii_wavelet-HLH_glszm_GrayLevelNonUniformity,16.515151515151516
venous.nii_wavelet-HLH_glszm_GrayLevelNonUniformityNormalized,0.5004591368227732
venous.nii_wavelet-HLH_glszm_GrayLevelVariance,0.24977043158861342
venous.nii_wavelet-HLH_glszm_HighGrayLevelZoneEmphasis,2.5454545454545454
venous.nii_wavelet-HLH_glszm_LargeAreaEmphasis,298630316.8484849
venous.nii_wavelet-HLH_glszm_LargeAreaHighGrayLevelEmphasis,743397859.3939394
venous.nii_wavelet-HLH_glszm_LargeAreaLowGrayLevelEmphasis,187438431.21212122
venous.nii_wavelet-HLH_glszm_LowGrayLevelZoneEmphasis,0.6136363636363636
venous.nii_wavelet-HLH_glszm_SizeZoneNonUniformity,14.151515151515152
venous.nii_wavelet-HLH_glszm_SizeZoneNonUniformityNormalized,0.4288337924701561
venous.nii_wavelet-HLH_glszm_SmallAreaEmphasis,0.6732615268452558
venous.nii_wavelet-HLH_glszm_SmallAreaHighGrayLevelEmphasis,1.82098879959111
venous.nii_wavelet-HLH_glszm_SmallAreaLowGrayLevelEmphasis,0.38632970865879224
venous.nii_wavelet-HLH_glszm_ZoneEntropy,2.694428209611944
venous.nii_wavelet-HLH_glszm_ZonePercentage,0.0002349423323366083
venous.nii_wavelet-HLH_glszm_ZoneVariance,280513685.44352627
venous.nii_wavelet-HLL_firstorder_10Percentile,-15.061225936345123
venous.nii_wavelet-HLL_firstorder_90Percentile,14.460095417097579
venous.nii_wavelet-HLL_firstorder_Energy,140401698707.73514
venous.nii_wavelet-HLL_firstorder_Entropy,1.2588710021803011
venous.nii_wavelet-HLL_firstorder_InterquartileRange,15.172990081911571
venous.nii_wavelet-HLL_firstorder_Kurtosis,4.893819173494088
venous.nii_wavelet-HLL_firstorder_Maximum,70.3750989354942
venous.nii_wavelet-HLL_firstorder_Mean,-0.28171823912150906
venous.nii_wavelet-HLL_firstorder_MeanAbsoluteDeviation,9.347616272626716
venous.nii_wavelet-HLL_firstorder_Median,-0.01173431705646738
venous.nii_wavelet-HLL_firstorder_Minimum,-97.8289752436095
venous.nii_wavelet-HLL_firstorder_Range,168.2040741791037
venous.nii_wavelet-HLL_firstorder_RobustMeanAbsoluteDeviation,6.3044606046971765
venous.nii_wavelet-HLL_firstorder_RootMeanSquared,999.7924414660465
venous.nii_wavelet-HLL_firstorder_Skewness,-0.4004238268305858
venous.nii_wavelet-HLL_firstorder_TotalEnergy,140401698707.73514
venous.nii_wavelet-HLL_firstorder_Uniformity,0.4605758100927874
venous.nii_wavelet-HLL_firstorder_Variance,148.28312571469124
venous.nii_wavelet-HLL_glcm_Autocorrelation,20.228591073835357
venous.nii_wavelet-HLL_glcm_ClusterProminence,2.5358958989497697
venous.nii_wavelet-HLL_glcm_ClusterShade,-0.22597582682252645
venous.nii_wavelet-HLL_glcm_ClusterTendency,0.7935910337247709
venous.nii_wavelet-HLL_glcm_Contrast,0.5590613367832755
venous.nii_wavelet-HLL_glcm_Correlation,0.17204996906662592
venous.nii_wavelet-HLL_glcm_DifferenceAverage,0.4985862950418187
venous.nii_wavelet-HLL_glcm_DifferenceEntropy,1.085019836940487
venous.nii_wavelet-HLL_glcm_DifferenceVariance,0.28559729266021106
venous.nii_wavelet-HLL_glcm_Id,0.7601824927676202
venous.nii_wavelet-HLL_glcm_Idm,0.7567159262616936
venous.nii_wavelet-HLL_glcm_Idmn,0.9889859919524971
venous.nii_wavelet-HLL_glcm_Idn,0.9384954663257191
venous.nii_wavelet-HLL_glcm_Imc1,-0.0871096073475158
venous.nii_wavelet-HLL_glcm_Imc2,0.2973635352883846
venous.nii_wavelet-HLL_glcm_InverseVariance,0.45110180361977303
venous.nii_wavelet-HLL_glcm_JointAverage,4.491097633035528
venous.nii_wavelet-HLL_glcm_JointEnergy,0.23738004064372162
venous.nii_wavelet-HLL_glcm_JointEntropy,2.390214402438161
venous.nii_wavelet-HLL_glcm_MaximumProbability,0.2804091036330299
venous.nii_wavelet-HLL_glcm_SumEntropy,1.7790530341079815
venous.nii_wavelet-HLL_glcm_SumSquares,0.3381630926270116
venous.nii_wavelet-HLL_gldm_DependenceEntropy,5.367494686054529
venous.nii_wavelet-HLL_gldm_DependenceNonUniformity,8659.039484550762
venous.nii_wavelet-HLL_gldm_DependenceNonUniformityNormalized,0.0616477252210648
venous.nii_wavelet-HLL_gldm_DependenceVariance,21.46713599661526
venous.nii_wavelet-HLL_gldm_GrayLevelNonUniformity,64692.47828563292
venous.nii_wavelet-HLL_gldm_GrayLevelVariance,0.3429719471602926
venous.nii_wavelet-HLL_gldm_HighGrayLevelEmphasis,20.48265698419479
venous.nii_wavelet-HLL_gldm_LargeDependenceEmphasis,221.26252313826
venous.nii_wavelet-HLL_gldm_LargeDependenceHighGrayLevelEmphasis,4568.597493948455
venous.nii_wavelet-HLL_gldm_LargeDependenceLowGrayLevelEmphasis,11.311790256657508
venous.nii_wavelet-HLL_gldm_LowGrayLevelEmphasis,0.05280246548996931
venous.nii_wavelet-HLL_gldm_SmallDependenceEmphasis,0.010748640489537848
venous.nii_wavelet-HLL_gldm_SmallDependenceHighGrayLevelEmphasis,0.22080792555556084
venous.nii_wavelet-HLL_gldm_SmallDependenceLowGrayLevelEmphasis,0.0006787405107032826
venous.nii_wavelet-HLL_glrlm_GrayLevelNonUniformity,30265.476181782844
venous.nii_wavelet-HLL_glrlm_GrayLevelNonUniformityNormalized,0.4335951657421724
venous.nii_wavelet-HLL_glrlm_GrayLevelVariance,0.41106482711896103
venous.nii_wavelet-HLL_glrlm_HighGrayLevelRunEmphasis,20.379233103749932
venous.nii_wavelet-HLL_glrlm_LongRunEmphasis,12.113243455958733
venous.nii_wavelet-HLL_glrlm_LongRunHighGrayLevelEmphasis,249.71490283919866
venous.nii_wavelet-HLL_glrlm_LongRunLowGrayLevelEmphasis,0.6245386907430649
venous.nii_wavelet-HLL_glrlm_LowGrayLevelRunEmphasis,0.05417088286908564
venous.nii_wavelet-HLL_glrlm_RunEntropy,3.4354485632681673
venous.nii_wavelet-HLL_glrlm_RunLengthNonUniformity,25306.52739900095
venous.nii_wavelet-HLL_glrlm_RunLengthNonUniformityNormalized,0.3335867516958658
venous.nii_wavelet-HLL_glrlm_RunPercentage,0.49481155324811876
venous.nii_wavelet-HLL_glrlm_RunVariance,4.397438960082211
venous.nii_wavelet-HLL_glrlm_ShortRunEmphasis,0.5527005984444451
venous.nii_wavelet-HLL_glrlm_ShortRunHighGrayLevelEmphasis,11.21694028240867
venous.nii_wavelet-HLL_glrlm_ShortRunLowGrayLevelEmphasis,0.03077438338083125
venous.nii_wavelet-HLL_glszm_GrayLevelNonUniformity,314.2598225602028
venous.nii_wavelet-HLL_glszm_GrayLevelNonUniformityNormalized,0.39830142276324815
venous.nii_wavelet-HLL_glszm_GrayLevelVariance,2.3826794598093883
venous.nii_wavelet-HLL_glszm_HighGrayLevelZoneEmphasis,21.480354879594422
venous.nii_wavelet-HLL_glszm_LargeAreaEmphasis,11472078.577946767
venous.nii_wavelet-HLL_glszm_LargeAreaHighGrayLevelEmphasis,236067769.1356147
venous.nii_wavelet-HLL_glszm_LargeAreaLowGrayLevelEmphasis,585732.2353111735
venous.nii_wavelet-HLL_glszm_LowGrayLevelZoneEmphasis,0.08255183230875789
venous.nii_wavelet-HLL_glszm_SizeZoneNonUniformity,84.15335868187579
venous.nii_wavelet-HLL_glszm_SizeZoneNonUniformityNormalized,0.10665824927994397
venous.nii_wavelet-HLL_glszm_SmallAreaEmphasis,0.2284567795528859
venous.nii_wavelet-HLL_glszm_SmallAreaHighGrayLevelEmphasis,4.932168879036702
venous.nii_wavelet-HLL_glszm_SmallAreaLowGrayLevelEmphasis,0.0175472053106375
venous.nii_wavelet-HLL_glszm_ZoneEntropy,5.359959426871698
venous.nii_wavelet-HLL_glszm_ZonePercentage,0.005617257582229816
venous.nii_wavelet-HLL_glszm_ZoneVariance,11440386.455753302
venous.nii_wavelet-LHH_firstorder_10Percentile,-1.1783566336256688
venous.nii_wavelet-LHH_firstorder_90Percentile,1.1914624091614854
venous.nii_wavelet-LHH_firstorder_Energy,140461527112.6355
venous.nii_wavelet-LHH_firstorder_Entropy,0.9999996769312468
venous.nii_wavelet-LHH_firstorder_InterquartileRange,1.182078083051661
venous.nii_wavelet-LHH_firstorder_Kurtosis,3.902439280781917
venous.nii_wavelet-LHH_firstorder_Maximum,5.5437074656703045
venous.nii_wavelet-LHH_firstorder_Mean,0.004966904173055511
venous.nii_wavelet-LHH_firstorder_MeanAbsoluteDeviation,0.7439105034356626
venous.nii_wavelet-LHH_firstorder_Median,0.0006532449657160842
venous.nii_wavelet-LHH_firstorder_Minimum,-5.284912559204181
venous.nii_wavelet-LHH_firstorder_Range,10.828620024874485
venous.nii_wavelet-LHH_firstorder_RobustMeanAbsoluteDeviation,0.4950994672059742
venous.nii_wavelet-LHH_firstorder_RootMeanSquared,1000.0054360974112
venous.nii_wavelet-LHH_firstorder_Skewness,0.03263366190778661
venous.nii_wavelet-LHH_firstorder_TotalEnergy,140461527112.6355
venous.nii_wavelet-LHH_firstorder_Uniformity,0.5000002239341782
venous.nii_wavelet-LHH_firstorder_Variance,0.9383913572946982
venous.nii_wavelet-LHH_glcm_Autocorrelation,2.2571945002000264
venous.nii_wavelet-LHH_glcm_ClusterProminence,0.520260246449943
venous.nii_wavelet-LHH_glcm_ClusterShade,0.000854221511579216
venous.nii_wavelet-LHH_glcm_ClusterTendency,0.5202611687814547
venous.nii_wavelet-LHH_glcm_Contrast,0.4797343321382948
venous.nii_wavelet-LHH_glcm_Correlation,0.040526529196739776
venous.nii_wavelet-LHH_glcm_DifferenceAverage,0.4797343321382948
venous.nii_wavelet-LHH_glcm_DifferenceEntropy,0.9493057262039207
venous.nii_wavelet-LHH_glcm_DifferenceVariance,0.2329674686651253
venous.nii_wavelet-LHH_glcm_Id,0.7601328339308525
venous.nii_wavelet-LHH_glcm_Idm,0.7601328339308525
venous.nii_wavelet-LHH_glcm_Idmn,0.9040531335723411
venous.nii_wavelet-LHH_glcm_Idn,0.8400885559539017
venous.nii_wavelet-LHH_glcm_Imc1,-0.05069496176759102
venous.nii_wavelet-LHH_glcm_Imc2,0.250742506484669
venous.nii_wavelet-LHH_glcm_InverseVariance,0.4797343321382948
venous.nii_wavelet-LHH_glcm_JointAverage,1.4990205554230582
venous.nii_wavelet-LHH_glcm_JointEnergy,0.267034780875
venous.nii_wavelet-LHH_glcm_JointEntropy,1.9492986151991625
venous.nii_wavelet-LHH_glcm_MaximumProbability,0.30414690147770174
venous.nii_wavelet-LHH_glcm_SumEntropy,1.4695642830608675
venous.nii_wavelet-LHH_glcm_SumSquares,0.24999887522993738
venous.nii_wavelet-LHH_gldm_DependenceEntropy,4.900679448174622
venous.nii_wavelet-LHH_gldm_DependenceNonUniformity,11013.392994446818
venous.nii_wavelet-LHH_gldm_DependenceNonUniformityNormalized,0.07840946172893933
venous.nii_wavelet-LHH_gldm_DependenceVariance,13.107772303200429
venous.nii_wavelet-LHH_gldm_GrayLevelNonUniformity,70230.03145379467
venous.nii_wavelet-LHH_gldm_GrayLevelVariance,0.2499998880329109
venous.nii_wavelet-LHH_gldm_HighGrayLevelEmphasis,2.5010038445108926
venous.nii_wavelet-LHH_gldm_LargeDependenceEmphasis,206.38823864445393
venous.nii_wavelet-LHH_gldm_LargeDependenceHighGrayLevelEmphasis,513.5445180122455
venous.nii_wavelet-LHH_gldm_LargeDependenceLowGrayLevelEmphasis,129.59916880250606
venous.nii_wavelet-LHH_gldm_LowGrayLevelEmphasis,0.6247490388722768
venous.nii_wavelet-LHH_gldm_SmallDependenceEmphasis,0.007060607095307278
venous.nii_wavelet-LHH_gldm_SmallDependenceHighGrayLevelEmphasis,0.01759354350568832
venous.nii_wavelet-LHH_gldm_SmallDependenceLowGrayLevelEmphasis,0.0044273729927120165
venous.nii_wavelet-LHH_glrlm_GrayLevelNonUniformity,35379.19326278214
venous.nii_wavelet-LHH_glrlm_GrayLevelNonUniformityNormalized,0.5000131311820517
venous.nii_wavelet-LHH_glrlm_GrayLevelVariance,0.2499934344089741
venous.nii_wavelet-LHH_glrlm_HighGrayLevelRunEmphasis,2.5075073113961994
venous.nii_wavelet-LHH_glrlm_LongRunEmphasis,7.682406269799392
venous.nii_wavelet-LHH_glrlm_LongRunHighGrayLevelEmphasis,19.155311866263634
venous.nii_wavelet-LHH_glrlm_LongRunLowGrayLevelEmphasis,4.814179870683332
venous.nii_wavelet-LHH_glrlm_LowGrayLevelRunEmphasis,0.6231231721509501
venous.nii_wavelet-LHH_glrlm_RunEntropy,3.002694699471209
venous.nii_wavelet-LHH_glrlm_RunLengthNonUniformity,25509.801726445647
venous.nii_wavelet-LHH_glrlm_RunLengthNonUniformityNormalized,0.33625173257539553
venous.nii_wavelet-LHH_glrlm_RunPercentage,0.5037486719460236
venous.nii_wavelet-LHH_glrlm_RunVariance,2.451002316479419
venous.nii_wavelet-LHH_glrlm_ShortRunEmphasis,0.5612937459986284
venous.nii_wavelet-LHH_glrlm_ShortRunHighGrayLevelEmphasis,1.409753754514373
venous.nii_wavelet-LHH_glrlm_ShortRunLowGrayLevelEmphasis,0.34917874386969205
venous.nii_wavelet-LHH_glszm_GrayLevelNonUniformity,11.666666666666666
venous.nii_wavelet-LHH_glszm_GrayLevelNonUniformityNormalized,0.5555555555555556
venous.nii_wavelet-LHH_glszm_GrayLevelVariance,0.2222222222222222
venous.nii_wavelet-LHH_glszm_HighGrayLevelZoneEmphasis,2.0
venous.nii_wavelet-LHH_glszm_LargeAreaEmphasis,469584801.04761904
venous.nii_wavelet-LHH_glszm_LargeAreaHighGrayLevelEmphasis,1174995216.6190476
venous.nii_wavelet-LHH_glszm_LargeAreaLowGrayLevelEmphasis,293232197.1547619
venous.nii_wavelet-LHH_glszm_LowGrayLevelZoneEmphasis,0.75
venous.nii_wavelet-LHH_glszm_SizeZoneNonUniformity,12.523809523809524
venous.nii_wavelet-LHH_glszm_SizeZoneNonUniformityNormalized,0.5963718820861678
venous.nii_wavelet-LHH_glszm_SmallAreaEmphasis,0.7910052910246066
venous.nii_wavelet-LHH_glszm_SmallAreaHighGrayLevelEmphasis,1.5410052910535377
venous.nii_wavelet-LHH_glszm_SmallAreaLowGrayLevelEmphasis,0.6035052910173739
venous.nii_wavelet-LHH_glszm_ZoneEntropy,2.0273941713765162
venous.nii_wavelet-LHH_glszm_ZonePercentage,0.000149508756941478
venous.nii_wavelet-LHH_glszm_ZoneVariance,424847813.29251695
venous.nii_wavelet-LHL_firstorder_10Percentile,-21.521891050518953
venous.nii_wavelet-LHL_firstorder_90Percentile,20.549737687335217
venous.nii_wavelet-LHL_firstorder_Energy,140382749334.28592
venous.nii_wavelet-LHL_firstorder_Entropy,1.5947331021610331
venous.nii_wavelet-LHL_firstorder_InterquartileRange,21.73771307291574
venous.nii_wavelet-LHL_firstorder_Kurtosis,3.4761338473519134
venous.nii_wavelet-LHL_firstorder_Maximum,75.06884788673476
venous.nii_wavelet-LHL_firstorder_Mean,-0.41626806484672274
venous.nii_wavelet-LHL_firstorder_MeanAbsoluteDeviation,13.181921414271999
venous.nii_wavelet-LHL_firstorder_Median,-0.20034243471732163
venous.nii_wavelet-LHL_firstorder_Minimum,-91.34592644243533
venous.nii_wavelet-LHL_firstorder_Range,166.4147743291701
venous.nii_wavelet-LHL_firstorder_RobustMeanAbsoluteDeviation,9.04222098631719
venous.nii_wavelet-LHL_firstorder_RootMeanSquared,999.724970488817
venous.nii_wavelet-LHL_firstorder_Skewness,-0.11958341438054663
venous.nii_wavelet-LHL_firstorder_TotalEnergy,140382749334.28592
venous.nii_wavelet-LHL_firstorder_Uniformity,0.38566455787374576
venous.nii_wavelet-LHL_firstorder_Variance,282.3794694575173
venous.nii_wavelet-LHL_glcm_Autocorrelation,20.188857430686085
venous.nii_wavelet-LHL_glcm_ClusterProminence,5.152645014808116
venous.nii_wavelet-LHL_glcm_ClusterShade,-0.171455689329495
venous.nii_wavelet-LHL_glcm_ClusterTendency,1.1448754557942047
venous.nii_wavelet-LHL_glcm_Contrast,0.9779641284554337
venous.nii_wavelet-LHL_glcm_Correlation,0.0770883122578915
venous.nii_wavelet-LHL_glcm_DifferenceAverage,0.6838776650923498
venous.nii_wavelet-LHL_glcm_DifferenceEntropy,1.3628696972910588
venous.nii_wavelet-LHL_glcm_DifferenceVariance,0.45489069129985593
venous.nii_wavelet-LHL_glcm_Id,0.7021251446436078
venous.nii_wavelet-LHL_glcm_Idm,0.687253020072374
venous.nii_wavelet-LHL_glcm_Idmn,0.9855046494959369
venous.nii_wavelet-LHL_glcm_Idn,0.9271567115712709
venous.nii_wavelet-LHL_glcm_Imc1,-0.10188624330059272
venous.nii_wavelet-LHL_glcm_Imc2,0.3952395582184137
venous.nii_wavelet-LHL_glcm_InverseVariance,0.4717854139796544
venous.nii_wavelet-LHL_glcm_JointAverage,4.488555139866892
venous.nii_wavelet-LHL_glcm_JointEnergy,0.17315486429636762
venous.nii_wavelet-LHL_glcm_JointEntropy,3.0133130211642434
venous.nii_wavelet-LHL_glcm_MaximumProbability,0.24118444797185568
venous.nii_wavelet-LHL_glcm_SumEntropy,2.0558154319346134
venous.nii_wavelet-LHL_glcm_SumSquares,0.5307098960624097
venous.nii_wavelet-LHL_gldm_DependenceEntropy,5.553925216831184
venous.nii_wavelet-LHL_gldm_DependenceNonUniformity,8229.156998433718
venous.nii_wavelet-LHL_gldm_DependenceNonUniformityNormalized,0.05858719207200425
venous.nii_wavelet-LHL_gldm_DependenceVariance,22.256252765546545
venous.nii_wavelet-LHL_gldm_GrayLevelNonUniformity,54170.44379894632
venous.nii_wavelet-LHL_gldm_GrayLevelVariance,0.5362483851446466
venous.nii_wavelet-LHL_gldm_HighGrayLevelEmphasis,20.635504770041294
venous.nii_wavelet-LHL_gldm_LargeDependenceEmphasis,166.57492524562153
venous.nii_wavelet-LHL_gldm_LargeDependenceHighGrayLevelEmphasis,3426.2129645450664
venous.nii_wavelet-LHL_gldm_LargeDependenceLowGrayLevelEmphasis,8.634706926119089
venous.nii_wavelet-LHL_gldm_LowGrayLevelEmphasis,0.05472432287797173
venous.nii_wavelet-LHL_gldm_SmallDependenceEmphasis,0.01792292355242911
venous.nii_wavelet-LHL_gldm_SmallDependenceHighGrayLevelEmphasis,0.3842620213983679
venous.nii_wavelet-LHL_gldm_SmallDependenceLowGrayLevelEmphasis,0.0011946327272233984
venous.nii_wavelet-LHL_glrlm_GrayLevelNonUniformity,27947.984054089953
venous.nii_wavelet-LHL_glrlm_GrayLevelNonUniformityNormalized,0.34459305488559006
venous.nii_wavelet-LHL_glrlm_GrayLevelVariance,0.6684161595767324
venous.nii_wavelet-LHL_glrlm_HighGrayLevelRunEmphasis,20.686901062757588
venous.nii_wavelet-LHL_glrlm_LongRunEmphasis,8.03762722849777
venous.nii_wavelet-LHL_glrlm_LongRunHighGrayLevelEmphasis,165.74939493292783
venous.nii_wavelet-LHL_glrlm_LongRunLowGrayLevelEmphasis,0.4254560174231608
venous.nii_wavelet-LHL_glrlm_LowGrayLevelRunEmphasis,0.05638093455823867
venous.nii_wavelet-LHL_glrlm_RunEntropy,3.4386278910236068
venous.nii_wavelet-LHL_glrlm_RunLengthNonUniformity,36915.486771700445
venous.nii_wavelet-LHL_glrlm_RunLengthNonUniformityNormalized,0.4197035081535218
venous.nii_wavelet-LHL_glrlm_RunPercentage,0.5764126660752035
venous.nii_wavelet-LHL_glrlm_RunVariance,2.8567913167645496
venous.nii_wavelet-LHL_glrlm_ShortRunEmphasis,0.6377705258971346
venous.nii_wavelet-LHL_glrlm_ShortRunHighGrayLevelEmphasis,13.240899128996482
venous.nii_wavelet-LHL_glrlm_ShortRunLowGrayLevelEmphasis,0.036984403414443506
venous.nii_wavelet-LHL_glszm_GrayLevelNonUniformity,716.4918918918919
venous.nii_wavelet-LHL_glszm_GrayLevelNonUniformityNormalized,0.3872929145361578
venous.nii_wavelet-LHL_glszm_GrayLevelVariance,2.5858582907231558
venous.nii_wavelet-LHL_glszm_HighGrayLevelZoneEmphasis,22.665945945945946
venous.nii_wavelet-LHL_glszm_LargeAreaEmphasis,4017536.28
venous.nii_wavelet-LHL_glszm_LargeAreaHighGrayLevelEmphasis,82312992.43621622
venous.nii_wavelet-LHL_glszm_LargeAreaLowGrayLevelEmphasis,206034.64309785576
venous.nii_wavelet-LHL_glszm_LowGrayLevelZoneEmphasis,0.07874656263406263
venous.nii_wavelet-LHL_glszm_SizeZoneNonUniformity,128.90594594594594
venous.nii_wavelet-LHL_glszm_SizeZoneNonUniformityNormalized,0.06967888970051132
venous.nii_wavelet-LHL_glszm_SmallAreaEmphasis,0.18287148222651325
venous.nii_wavelet-LHL_glszm_SmallAreaHighGrayLevelEmphasis,4.23451501649942
venous.nii_wavelet-LHL_glszm_SmallAreaLowGrayLevelEmphasis,0.015027670024306668
venous.nii_wavelet-LHL_glszm_ZoneEntropy,6.031375922612435
venous.nii_wavelet-LHL_glszm_ZonePercentage,0.013171009540082585
venous.nii_wavelet-LHL_glszm_ZoneVariance,4011771.7769758943
venous.nii_wavelet-LLH_firstorder_10Percentile,-3.223186757972356
venous.nii_wavelet-LLH_firstorder_90Percentile,2.835822114593218
venous.nii_wavelet-LLH_firstorder_Energy,140425064204.05252
venous.nii_wavelet-LLH_firstorder_Entropy,0.9996647377923418
venous.nii_wavelet-LLH_firstorder_InterquartileRange,2.747761022674227
venous.nii_wavelet-LLH_firstorder_Kurtosis,6.316266262723162
venous.nii_wavelet-LLH_firstorder_Maximum,14.228595019281517
venous.nii_wavelet-LLH_firstorder_Mean,-0.1280496330497243
venous.nii_wavelet-LLH_firstorder_MeanAbsoluteDeviation,1.9373542142646631
venous.nii_wavelet-LLH_firstorder_Median,0.050335329513509
venous.nii_wavelet-LLH_firstorder_Minimum,-20.77624000574275
venous.nii_wavelet-LLH_firstorder_Range,35.00483502502426
venous.nii_wavelet-LLH_firstorder_RobustMeanAbsoluteDeviation,1.176483953554708
venous.nii_wavelet-LLH_firstorder_RootMeanSquared,999.87563018453
venous.nii_wavelet-LLH_firstorder_Skewness,-0.7121966846633937
venous.nii_wavelet-LLH_firstorder_TotalEnergy,140425064204.05252
venous.nii_wavelet-LLH_firstorder_Uniformity,0.5002323680523357
venous.nii_wavelet-LLH_firstorder_Variance,7.358706301811275
venous.nii_wavelet-LLH_glcm_Autocorrelation,2.4294805841362734
venous.nii_wavelet-LLH_glcm_ClusterProminence,0.7575019026307536
venous.nii_wavelet-LLH_glcm_ClusterShade,-0.0427574990398096
venous.nii_wavelet-LLH_glcm_ClusterTendency,0.7557561945705753
venous.nii_wavelet-LLH_glcm_Contrast,0.2430755348594097
venous.nii_wavelet-LLH_glcm_Correlation,0.5132632506691972
venous.nii_wavelet-LLH_glcm_DifferenceAverage,0.2430755348594097
venous.nii_wavelet-LLH_glcm_DifferenceEntropy,0.7935671913085607
venous.nii_wavelet-LLH_glcm_DifferenceVariance,0.182366732540722
venous.nii_wavelet-LLH_glcm_Id,0.8784622325702952
venous.nii_wavelet-LLH_glcm_Idm,0.8784622325702952
venous.nii_wavelet-LLH_glcm_Idmn,0.951384893028118
venous.nii_wavelet-LLH_glcm_Idn,0.9189748217135302
venous.nii_wavelet-LLH_glcm_Imc1,-0.20603744212858288
venous.nii_wavelet-LLH_glcm_Imc2,0.5704717176270652
venous.nii_wavelet-LLH_glcm_InverseVariance,0.2430755348594097
venous.nii_wavelet-LLH_glcm_JointAverage,1.5170061171886597
venous.nii_wavelet-LLH_glcm_JointEnergy,0.31821740274428545
venous.nii_wavelet-LLH_glcm_JointEntropy,1.792439835025618
venous.nii_wavelet-LLH_glcm_MaximumProbability,0.39546834975895473
venous.nii_wavelet-LLH_glcm_SumEntropy,1.5493643001662087
venous.nii_wavelet-LLH_glcm_SumSquares,0.24970793235749628
venous.nii_wavelet-LLH_gldm_DependenceEntropy,5.199514971414993
venous.nii_wavelet-LLH_gldm_DependenceNonUniformity,8902.05563149651
venous.nii_wavelet-LLH_gldm_DependenceNonUniformityNormalized,0.06337787008042511
venous.nii_wavelet-LLH_gldm_DependenceVariance,29.672907166621567
venous.nii_wavelet-LLH_gldm_GrayLevelNonUniformity,70262.63841663107
venous.nii_wavelet-LLH_gldm_GrayLevelVariance,0.2498838159738322
venous.nii_wavelet-LLH_gldm_HighGrayLevelEmphasis,2.5323366082870566
venous.nii_wavelet-LLH_gldm_LargeDependenceEmphasis,420.3337889790688
venous.nii_wavelet-LLH_gldm_LargeDependenceHighGrayLevelEmphasis,1089.4231952157197
venous.nii_wavelet-LLH_gldm_LargeDependenceLowGrayLevelEmphasis,253.061437419906
venous.nii_wavelet-LLH_gldm_LowGrayLevelEmphasis,0.6169158479282358
venous.nii_wavelet-LLH_gldm_SmallDependenceEmphasis,0.00418797404561462
venous.nii_wavelet-LLH_gldm_SmallDependenceHighGrayLevelEmphasis,0.010305753703845802
venous.nii_wavelet-LLH_gldm_SmallDependenceLowGrayLevelEmphasis,0.0026585291310568257
venous.nii_wavelet-LLH_glrlm_GrayLevelNonUniformity,19572.301259597083
venous.nii_wavelet-LLH_glrlm_GrayLevelNonUniformityNormalized,0.5007421269980805
venous.nii_wavelet-LLH_glrlm_GrayLevelVariance,0.2496289365009597
venous.nii_wavelet-LLH_glrlm_HighGrayLevelRunEmphasis,2.4426118662076233
venous.nii_wavelet-LLH_glrlm_LongRunEmphasis,24.011152312253525
venous.nii_wavelet-LLH_glrlm_LongRunHighGrayLevelEmphasis,63.44916633357859
venous.nii_wavelet-LLH_glrlm_LongRunLowGrayLevelEmphasis,14.151648806922255
venous.nii_wavelet-LLH_glrlm_LowGrayLevelRunEmphasis,0.6393470334480942
venous.nii_wavelet-LLH_glrlm_RunEntropy,4.053748041112675
venous.nii_wavelet-LLH_glrlm_RunLengthNonUniformity,6508.356785380792
venous.nii_wavelet-LLH_glrlm_RunLengthNonUniformityNormalized,0.16148288647728182
venous.nii_wavelet-LLH_glrlm_RunPercentage,0.2782637268754313
venous.nii_wavelet-LLH_glrlm_RunVariance,9.64189522044332
venous.nii_wavelet-LLH_glrlm_ShortRunEmphasis,0.3366678174950278
venous.nii_wavelet-LLH_glrlm_ShortRunHighGrayLevelEmphasis,0.8013730302683846
venous.nii_wavelet-LLH_glrlm_ShortRunLowGrayLevelEmphasis,0.22049151430168845
venous.nii_wavelet-LLH_glszm_GrayLevelNonUniformity,32.142857142857146
venous.nii_wavelet-LLH_glszm_GrayLevelNonUniformityNormalized,0.5102040816326531
venous.nii_wavelet-LLH_glszm_GrayLevelVariance,0.24489795918367346
venous.nii_wavelet-LLH_glszm_HighGrayLevelZoneEmphasis,2.7142857142857144
venous.nii_wavelet-LLH_glszm_LargeAreaEmphasis,156278756.66666666
venous.nii_wavelet-LLH_glszm_LargeAreaHighGrayLevelEmphasis,400557580.7619048
venous.nii_wavelet-LLH_glszm_LargeAreaLowGrayLevelEmphasis,95209050.64285715
venous.nii_wavelet-LLH_glszm_LowGrayLevelZoneEmphasis,0.5714285714285714
venous.nii_wavelet-LLH_glszm_SizeZoneNonUniformity,21.984126984126984
venous.nii_wavelet-LLH_glszm_SizeZoneNonUniformityNormalized,0.3489543965734442
venous.nii_wavelet-LLH_glszm_SmallAreaEmphasis,0.6119954964459947
venous.nii_wavelet-LLH_glszm_SmallAreaHighGrayLevelEmphasis,1.567439657731553
venous.nii_wavelet-LLH_glszm_SmallAreaLowGrayLevelEmphasis,0.37313445612460516
venous.nii_wavelet-LLH_glszm_ZoneEntropy,3.125455577373226
venous.nii_wavelet-LLH_glszm_ZonePercentage,0.000448526270824434
venous.nii_wavelet-LLH_glszm_ZoneVariance,151307980.2494331
venous.nii_wavelet-LLL_firstorder_10Percentile,59.31221911840908
venous.nii_wavelet-LLL_firstorder_90Percentile,301.08170560666423
venous.nii_wavelet-LLL_firstorder_Energy,193960808934.31076
venous.nii_wavelet-LLL_firstorder_Entropy,3.814950793133015
venous.nii_wavelet-LLL_firstorder_InterquartileRange,153.10121411279115
venous.nii_wavelet-LLL_firstorder_Kurtosis,2.3277843080142886
venous.nii_wavelet-LLL_firstorder_Maximum,551.6198222096132
venous.nii_wavelet-LLL_firstorder_Mean,171.4078138981211
venous.nii_wavelet-LLL_firstorder_MeanAbsoluteDeviation,79.4577128545802
venous.nii_wavelet-LLL_firstorder_Median,162.29995224183625
venous.nii_wavelet-LLL_firstorder_Minimum,-152.82911433269086
venous.nii_wavelet-LLL_firstorder_Range,704.4489365423041
venous.nii_wavelet-LLL_firstorder_RobustMeanAbsoluteDeviation,61.62867854699165
venous.nii_wavelet-LLL_firstorder_RootMeanSquared,1175.115788400938
venous.nii_wavelet-LLL_firstorder_Skewness,0.397301113839745
venous.nii_wavelet-LLL_firstorder_TotalEnergy,193960808934.31076
venous.nii_wavelet-LLL_firstorder_Uniformity,0.07969252316725284
venous.nii_wavelet-LLL_firstorder_Variance,8700.849687583184
venous.nii_wavelet-LLL_glcm_Autocorrelation,216.93833668534126
venous.nii_wavelet-LLL_glcm_ClusterProminence,6370.208028235462
venous.nii_wavelet-LLL_glcm_ClusterShade,154.39357252573376
venous.nii_wavelet-LLL_glcm_ClusterTendency,53.00614220626338
venous.nii_wavelet-LLL_glcm_Contrast,1.7963706294016335
venous.nii_wavelet-LLL_glcm_Correlation,0.9343650140704185
venous.nii_wavelet-LLL_glcm_DifferenceAverage,0.9342585190484327
venous.nii_wavelet-LLL_glcm_DifferenceEntropy,1.758385296079419
venous.nii_wavelet-LLL_glcm_DifferenceVariance,0.8913790377982995
venous.nii_wavelet-LLL_glcm_Id,0.6408590862925974
venous.nii_wavelet-LLL_glcm_Idm,0.6126170010225154
venous.nii_wavelet-LLL_glcm_Idmn,0.998023475578994
venous.nii_wavelet-LLL_glcm_Idn,0.9706978194671685
venous.nii_wavelet-LLL_glcm_Imc1,-0.3897693563901022
venous.nii_wavelet-LLL_glcm_Imc2,0.9704518350659943
venous.nii_wavelet-LLL_glcm_InverseVariance,0.4721723245739903
venous.nii_wavelet-LLL_glcm_JointAverage,14.287597940925268
venous.nii_wavelet-LLL_glcm_JointEnergy,0.021761575691602905
venous.nii_wavelet-LLL_glcm_JointEntropy,6.100414336128717
venous.nii_wavelet-LLL_glcm_MaximumProbability,0.06569761575858622
venous.nii_wavelet-LLL_glcm_SumEntropy,4.74522348032769
venous.nii_wavelet-LLL_glcm_SumSquares,13.700628208916244
venous.nii_wavelet-LLL_gldm_DependenceEntropy,7.898685385847497
venous.nii_wavelet-LLL_gldm_DependenceNonUniformity,8553.328862309554
venous.nii_wavelet-LLL_gldm_DependenceNonUniformityNormalized,0.060895122186455604
venous.nii_wavelet-LLL_gldm_DependenceVariance,23.798155073110706
venous.nii_wavelet-LLL_gldm_GrayLevelNonUniformity,11193.611804072334
venous.nii_wavelet-LLL_gldm_GrayLevelVariance,14.003918427216087
venous.nii_wavelet-LLL_gldm_HighGrayLevelEmphasis,220.13713512743843
venous.nii_wavelet-LLL_gldm_LargeDependenceEmphasis,124.18754093692155
venous.nii_wavelet-LLL_gldm_LargeDependenceHighGrayLevelEmphasis,23574.778413783282
venous.nii_wavelet-LLL_gldm_LargeDependenceLowGrayLevelEmphasis,0.8527169336383355
venous.nii_wavelet-LLL_gldm_LowGrayLevelEmphasis,0.005972406614290661
venous.nii_wavelet-LLL_gldm_SmallDependenceEmphasis,0.02860385662085025
venous.nii_wavelet-LLL_gldm_SmallDependenceHighGrayLevelEmphasis,6.83306405134082
venous.nii_wavelet-LLL_gldm_SmallDependenceLowGrayLevelEmphasis,0.00018759078947280789
venous.nii_wavelet-LLL_glrlm_GrayLevelNonUniformity,6967.4570447829465
venous.nii_wavelet-LLL_glrlm_GrayLevelNonUniformityNormalized,0.07595989129263382
venous.nii_wavelet-LLL_glrlm_GrayLevelVariance,13.853804826304415
venous.nii_wavelet-LLL_glrlm_HighGrayLevelRunEmphasis,229.56628500002947
venous.nii_wavelet-LLL_glrlm_LongRunEmphasis,3.6655581800079022
venous.nii_wavelet-LLL_glrlm_LongRunHighGrayLevelEmphasis,747.5651710575283
venous.nii_wavelet-LLL_glrlm_LongRunLowGrayLevelEmphasis,0.0236174791482639
venous.nii_wavelet-LLL_glrlm_LowGrayLevelRunEmphasis,0.005708994556571554
venous.nii_wavelet-LLL_glrlm_RunEntropy,5.251896894233884
venous.nii_wavelet-LLL_glrlm_RunLengthNonUniformity,47771.23429656635
venous.nii_wavelet-LLL_glrlm_RunLengthNonUniformityNormalized,0.5139472320131802
venous.nii_wavelet-LLL_glrlm_RunPercentage,0.6530980624103222
venous.nii_wavelet-LLL_glrlm_RunVariance,1.2072273161284708
venous.nii_wavelet-LLL_glrlm_ShortRunEmphasis,0.7420932895318907
venous.nii_wavelet-LLL_glrlm_ShortRunHighGrayLevelEmphasis,174.85925015141294
venous.nii_wavelet-LLL_glrlm_ShortRunLowGrayLevelEmphasis,0.004115286785557757
venous.nii_wavelet-LLL_glszm_GrayLevelNonUniformity,107.61226611226611
venous.nii_wavelet-LLL_glszm_GrayLevelNonUniformityNormalized,0.05593153124338156
venous.nii_wavelet-LLL_glszm_GrayLevelVariance,24.815380509247454
venous.nii_wavelet-LLL_glszm_HighGrayLevelZoneEmphasis,234.76403326403326
venous.nii_wavelet-LLL_glszm_LargeAreaEmphasis,571330.8451143451
venous.nii_wavelet-LLL_glszm_LargeAreaHighGrayLevelEmphasis,115013419.44698545
venous.nii_wavelet-LLL_glszm_LargeAreaLowGrayLevelEmphasis,3424.237817822284
venous.nii_wavelet-LLL_glszm_LowGrayLevelZoneEmphasis,0.008770922522184572
venous.nii_wavelet-LLL_glszm_SizeZoneNonUniformity,347.12474012474013
venous.nii_wavelet-LLL_glszm_SizeZoneNonUniformityNormalized,0.18041826409809777
venous.nii_wavelet-LLL_glszm_SmallAreaEmphasis,0.4235046780208436
venous.nii_wavelet-LLL_glszm_SmallAreaHighGrayLevelEmphasis,93.16418495835259
venous.nii_wavelet-LLL_glszm_SmallAreaLowGrayLevelEmphasis,0.004679247536876877
venous.nii_wavelet-LLL_glszm_ZoneEntropy,7.466817488912433
venous.nii_wavelet-LLL_glszm_ZonePercentage,0.013697849921685889
venous.nii_wavelet-LLL_glszm_ZoneVariance,566001.238028449
